{
	"credit": "Made with Blockbench",
	"textures": {
		"0": "mya_server_custom_models:item/mya_three_zero_doll_body",
		"2": "mya_server_custom_models:item/mya_three_zero_doll_skirt",
		"3": "mya_server_custom_models:item/mya_three_zero_doll_mouth",
		"4": "mya_server_custom_models:item/mya_three_zero_doll_tag",
		"5": "mya_server_custom_models:item/mya_three_zero_doll_meme",
		"6": "mya_server_custom_models:item/mya_three_zero_doll_stuff",
		"7": "mya_server_custom_models:item/mya_three_zero_doll_hair",
		"8": "mya_server_custom_models:item/mya_three_zero_doll_stuff2",
		"particle": "mya_server_custom_models:item/mya_three_zero_doll_body"
	},
	"elements": [
		{
			"from": [7, 0, 6],
			"to": [10, 7, 11],
			"rotation": {"angle": 0, "axis": "y", "origin": [0, 0, 1]},
			"faces": {
				"north": {"uv": [0, 3.5, 1.5, 7], "texture": "#0"},
				"east": {"uv": [0, 0, 2.5, 3.5], "texture": "#0"},
				"south": {"uv": [1.5, 3.5, 3, 7], "texture": "#0"},
				"west": {"uv": [2.5, 0, 5, 3.5], "texture": "#0"},
				"up": {"uv": [4.5, 6, 3, 3.5], "texture": "#0"},
				"down": {"uv": [6, 3.5, 4.5, 6], "texture": "#0"}
			}
		},
		{
			"from": [7, 0, 2.6],
			"to": [11, 2, 4.6],
			"rotation": {"angle": -22.5, "axis": "y", "origin": [1, 0, -3.4]},
			"faces": {
				"north": {"uv": [5, 0, 7, 1], "texture": "#0"},
				"east": {"uv": [7, 2, 8, 3], "texture": "#0"},
				"south": {"uv": [5, 1, 7, 2], "texture": "#0"},
				"west": {"uv": [7, 6, 8, 7], "texture": "#0"},
				"up": {"uv": [7, 3, 5, 2], "texture": "#0"},
				"down": {"uv": [5, 6, 3, 7], "texture": "#0"}
			}
		},
		{
			"from": [1.6, 0, 13.4],
			"to": [5.6, 2, 15.4],
			"rotation": {"angle": 22.5, "axis": "y", "origin": [-4.4, 0, 7.4]},
			"faces": {
				"north": {"uv": [6, 3, 8, 4], "texture": "#0"},
				"east": {"uv": [7, 7, 8, 8], "texture": "#0"},
				"south": {"uv": [6, 4, 8, 5], "texture": "#0"},
				"west": {"uv": [8, 0, 9, 1], "texture": "#0"},
				"up": {"uv": [7, 7, 5, 6], "texture": "#0"},
				"down": {"uv": [8, 5, 6, 6], "texture": "#0"}
			}
		},
		{
			"from": [7.4, -0.4, 18.4],
			"to": [9.4, 3.6, 20.4],
			"rotation": {"angle": -45, "axis": "x", "origin": [9.4, -6.4, 12.4]},
			"faces": {
				"north": {"uv": [0, 7, 1, 9], "texture": "#0"},
				"east": {"uv": [7, 0, 8, 2], "texture": "#0"},
				"south": {"uv": [1, 7, 2, 9], "texture": "#0"},
				"west": {"uv": [2, 7, 3, 9], "texture": "#0"},
				"up": {"uv": [9, 2, 8, 1], "texture": "#0"},
				"down": {"uv": [9, 2, 8, 3], "texture": "#0"}
			}
		},
		{
			"from": [7.4, 4.9, 12],
			"to": [9.4, 8.9, 14],
			"rotation": {"angle": 45, "axis": "x", "origin": [7.4, 14.9, 6]},
			"faces": {
				"north": {"uv": [3, 7, 4, 9], "texture": "#0"},
				"east": {"uv": [4, 7, 5, 9], "texture": "#0"},
				"south": {"uv": [5, 7, 6, 9], "texture": "#0"},
				"west": {"uv": [6, 7, 7, 9], "texture": "#0"},
				"up": {"uv": [9, 4, 8, 3], "texture": "#0"},
				"down": {"uv": [9, 4, 8, 5], "texture": "#0"}
			}
		},
		{
			"from": [5.7, -0.1, 5.1],
			"to": [8.2, 2.1, 5.1],
			"rotation": {"angle": -22.5, "axis": "y", "origin": [6, 0, 5.2]},
			"faces": {
				"north": {"uv": [8, 6.5, 9, 7.5], "texture": "#2"},
				"east": {"uv": [0, 0, 0, 1], "texture": "#2"},
				"south": {"uv": [8, 7.5, 9, 8.5], "texture": "#2"},
				"west": {"uv": [0, 0, 0, 1], "texture": "#2"},
				"up": {"uv": [1, 0, 0, 0], "texture": "#2"},
				"down": {"uv": [1, 0, 0, 0], "texture": "#2"}
			}
		},
		{
			"from": [5.8, -0.1, 11.8],
			"to": [8.2, 2.1, 11.8],
			"rotation": {"angle": 22.5, "axis": "y", "origin": [6, 0, 11.8]},
			"faces": {
				"north": {"uv": [3.5, 8.5, 4.5, 9.5], "texture": "#2"},
				"east": {"uv": [0, 0, 0, 1], "texture": "#2"},
				"south": {"uv": [8.5, 3.5, 9.5, 4.5], "texture": "#2"},
				"west": {"uv": [0, 0, 0, 1], "texture": "#2"},
				"up": {"uv": [1, 0, 0, 0], "texture": "#2"},
				"down": {"uv": [1, 0, 0, 0], "texture": "#2"}
			}
		},
		{
			"from": [5, 2, 6.9],
			"to": [8, 2, 10],
			"rotation": {"angle": 0, "axis": "y", "origin": [6, 2, 7]},
			"faces": {
				"north": {"uv": [0, 0, 1.5, 0], "texture": "#2"},
				"east": {"uv": [0, 0, 1.5, 0], "texture": "#2"},
				"south": {"uv": [0, 0, 1.5, 0], "texture": "#2"},
				"west": {"uv": [0, 0, 1.5, 0], "texture": "#2"},
				"up": {"uv": [5, 8.5, 3.5, 7], "texture": "#2"},
				"down": {"uv": [8.5, 3.5, 7, 5], "texture": "#2"}
			}
		},
		{
			"from": [5, -0.1, 6.9],
			"to": [8, -0.1, 10.1],
			"rotation": {"angle": 0, "axis": "y", "origin": [6, -0.1, 7]},
			"faces": {
				"north": {"uv": [0, 0, 1.5, 0], "texture": "#2"},
				"east": {"uv": [0, 0, 1.5, 0], "texture": "#2"},
				"south": {"uv": [0, 0, 1.5, 0], "texture": "#2"},
				"west": {"uv": [0, 0, 1.5, 0], "texture": "#2"},
				"up": {"uv": [6.5, 8.5, 5, 7], "texture": "#2"},
				"down": {"uv": [8.5, 5, 7, 6.5], "texture": "#2"}
			}
		},
		{
			"from": [8.6, 2.1, 2.5],
			"to": [11, 2.1, 4.6],
			"rotation": {"angle": -22.5, "axis": "y", "origin": [1, 0.1, -3.4]},
			"faces": {
				"north": {"uv": [0, 0, 1, 0], "texture": "#2"},
				"east": {"uv": [0, 0, 1, 0], "texture": "#2"},
				"south": {"uv": [0, 0, 1, 0], "texture": "#2"},
				"west": {"uv": [0, 0, 1, 0], "texture": "#2"},
				"up": {"uv": [5.5, 9.5, 4.5, 8.5], "texture": "#2"},
				"down": {"uv": [9.5, 4.5, 8.5, 5.5], "texture": "#2"}
			}
		},
		{
			"from": [8.6, -0.1, 2.5],
			"to": [11.1, -0.1, 4.6],
			"rotation": {"angle": -22.5, "axis": "y", "origin": [1, -2.1, -3.4]},
			"faces": {
				"north": {"uv": [0, 0, 1.5, 0], "texture": "#2"},
				"east": {"uv": [0, 0, 1, 0], "texture": "#2"},
				"south": {"uv": [0, 0, 1.5, 0], "texture": "#2"},
				"west": {"uv": [0, 0, 1, 0], "texture": "#2"},
				"up": {"uv": [8, 8, 6.5, 7], "texture": "#2"},
				"down": {"uv": [8, 8, 6.5, 9], "texture": "#2"}
			}
		},
		{
			"from": [3.3, -0.1, 13.4],
			"to": [5.7, -0.1, 15.4],
			"rotation": {"angle": 22.5, "axis": "y", "origin": [-4.3, -2.1, 7.5]},
			"faces": {
				"north": {"uv": [0, 0, 1, 0], "texture": "#2"},
				"east": {"uv": [0, 0, 1, 0], "texture": "#2"},
				"south": {"uv": [0, 0, 1, 0], "texture": "#2"},
				"west": {"uv": [0, 0, 1, 0], "texture": "#2"},
				"up": {"uv": [6.5, 9.5, 5.5, 8.5], "texture": "#2"},
				"down": {"uv": [9.5, 5.5, 8.5, 6.5], "texture": "#2"}
			}
		},
		{
			"from": [3.3, 2.1, 13.4],
			"to": [5.6, 2.1, 15.7],
			"rotation": {"angle": 22.5, "axis": "y", "origin": [-4.9, 0.1, 7.5]},
			"faces": {
				"north": {"uv": [0, 0, 1, 0], "texture": "#2"},
				"east": {"uv": [0, 0, 1, 0], "texture": "#2"},
				"south": {"uv": [0, 0, 1, 0], "texture": "#2"},
				"west": {"uv": [0, 0, 1, 0], "texture": "#2"},
				"up": {"uv": [9, 9.5, 8, 8.5], "texture": "#2"},
				"down": {"uv": [7.5, 9, 6.5, 10], "texture": "#2"}
			}
		},
		{
			"name": "head",
			"from": [5, 6, 5],
			"to": [12, 13, 12],
			"rotation": {"angle": 0, "axis": "y", "origin": [0, 6, 0]},
			"faces": {
				"north": {"uv": [0, 0, 3.5, 3.5], "texture": "#2"},
				"east": {"uv": [0, 3.5, 3.5, 7], "texture": "#2"},
				"south": {"uv": [3.5, 0, 7, 3.5], "texture": "#2"},
				"west": {"uv": [3.5, 3.5, 7, 7], "texture": "#2"},
				"up": {"uv": [3.5, 10.5, 0, 7], "texture": "#2"},
				"down": {"uv": [10.5, 0, 7, 3.5], "texture": "#2"}
			}
		},
		{
			"name": "o",
			"from": [4.9, 6.6, 8.1],
			"to": [4.9, 7.1, 8.9],
			"rotation": {"angle": 0, "axis": "y", "origin": [4.9, 5.1, 7.1]},
			"faces": {
				"north": {"uv": [0, 0, 0, 1], "texture": "#3"},
				"east": {"uv": [0, 0, 1, 1], "texture": "#3"},
				"south": {"uv": [0, 0, 0, 1], "texture": "#3"},
				"west": {"uv": [0, 1, 1, 2], "texture": "#3"},
				"up": {"uv": [0, 1, 0, 0], "texture": "#3"},
				"down": {"uv": [0, 0, 0, 1], "texture": "#3"}
			}
		},
		{
			"name": "tag",
			"from": [10, 0, 9],
			"to": [11, 0, 11],
			"rotation": {"angle": 0, "axis": "y", "origin": [9, 0, 9]},
			"faces": {
				"north": {"uv": [0, 0, 1, 0], "texture": "#4"},
				"east": {"uv": [0, 0, 2, 0], "texture": "#4"},
				"south": {"uv": [0, 0, 1, 0], "texture": "#4"},
				"west": {"uv": [0, 0, 2, 0], "texture": "#4"},
				"up": {"uv": [1, 2, 0, 0], "texture": "#4"},
				"down": {"uv": [2, 0, 1, 2], "texture": "#4"}
			}
		},
		{
			"from": [6, 12, 4],
			"to": [7, 14, 7],
			"rotation": {"angle": 0, "axis": "y", "origin": [6, 12, 4]},
			"faces": {
				"north": {"uv": [4, 4, 5, 6], "texture": "#5"},
				"east": {"uv": [0, 0, 3, 2], "texture": "#5"},
				"south": {"uv": [5, 4, 6, 6], "texture": "#5"},
				"west": {"uv": [0, 2, 3, 4], "texture": "#5"},
				"up": {"uv": [1, 7, 0, 4], "texture": "#5"},
				"down": {"uv": [2, 4, 1, 7], "texture": "#5"}
			}
		},
		{
			"from": [6, 12, 10],
			"to": [7, 14, 13],
			"rotation": {"angle": 0, "axis": "y", "origin": [6, 12, 11]},
			"faces": {
				"north": {"uv": [6, 0, 7, 2], "texture": "#5"},
				"east": {"uv": [3, 0, 6, 2], "texture": "#5"},
				"south": {"uv": [6, 2, 7, 4], "texture": "#5"},
				"west": {"uv": [3, 2, 6, 4], "texture": "#5"},
				"up": {"uv": [3, 7, 2, 4], "texture": "#5"},
				"down": {"uv": [4, 4, 3, 7], "texture": "#5"}
			}
		},
		{
			"from": [7.9, 10.3, 3.9],
			"to": [8.9, 11.3, 5],
			"rotation": {"angle": 0, "axis": "y", "origin": [7.9, 9.3, 2.9]},
			"faces": {
				"north": {"uv": [3, 5, 4, 6], "texture": "#6"},
				"east": {"uv": [5, 4, 6, 5], "texture": "#6"},
				"south": {"uv": [5, 5, 6, 6], "texture": "#6"},
				"west": {"uv": [6, 0, 7, 1], "texture": "#6"},
				"up": {"uv": [7, 2, 6, 1], "texture": "#6"},
				"down": {"uv": [7, 2, 6, 3], "texture": "#6"}
			}
		},
		{
			"from": [7.5, 10.7, 12],
			"to": [8.5, 11.7, 13],
			"rotation": {"angle": 0, "axis": "y", "origin": [7.5, 9.7, 11]},
			"faces": {
				"north": {"uv": [3, 6, 4, 7], "texture": "#6"},
				"east": {"uv": [6, 3, 7, 4], "texture": "#6"},
				"south": {"uv": [4, 6, 5, 7], "texture": "#6"},
				"west": {"uv": [6, 4, 7, 5], "texture": "#6"},
				"up": {"uv": [6, 7, 5, 6], "texture": "#6"},
				"down": {"uv": [7, 5, 6, 6], "texture": "#6"}
			}
		},
		{
			"from": [4.7, 12, 4.4],
			"to": [4.7, 12.3, 6.1],
			"rotation": {"angle": 22.5, "axis": "x", "origin": [2.7, 10.3, 4.4]},
			"faces": {
				"north": {"uv": [0, 0, 0, 1], "texture": "#8"},
				"east": {"uv": [0, 0, 2, 1], "texture": "#8"},
				"south": {"uv": [0, 0, 0, 1], "texture": "#8"},
				"west": {"uv": [0, 1, 2, 2], "texture": "#8"},
				"up": {"uv": [0, 2, 0, 0], "texture": "#8"},
				"down": {"uv": [0, 0, 0, 2], "texture": "#8"}
			}
		},
		{
			"from": [8, 10, 9],
			"to": [9, 11, 10],
			"rotation": {"angle": 0, "axis": "y", "origin": [8, 9, 8]},
			"faces": {
				"north": {"uv": [6, 6, 7, 7], "texture": "#6"},
				"east": {"uv": [0, 7, 1, 8], "texture": "#6"},
				"south": {"uv": [7, 0, 8, 1], "texture": "#6"},
				"west": {"uv": [1, 7, 2, 8], "texture": "#6"},
				"up": {"uv": [8, 2, 7, 1], "texture": "#6"},
				"down": {"uv": [3, 7, 2, 8], "texture": "#6"}
			}
		},
		{
			"from": [9, 8.6, 12.8],
			"to": [10, 10.6, 12.8],
			"rotation": {"angle": 22.5, "axis": "z", "origin": [9, 8.6, 11.8]},
			"faces": {
				"north": {"uv": [4, 0, 5, 2], "texture": "#6"},
				"east": {"uv": [0, 0, 0, 2], "texture": "#6"},
				"south": {"uv": [4, 2, 5, 4], "texture": "#6"},
				"west": {"uv": [0, 0, 0, 2], "texture": "#6"},
				"up": {"uv": [1, 0, 0, 0], "texture": "#6"},
				"down": {"uv": [1, 0, 0, 0], "texture": "#6"}
			}
		},
		{
			"from": [7.8, 8.5, 13.7],
			"to": [8.8, 10.5, 13.7],
			"rotation": {"angle": -22.5, "axis": "x", "origin": [7.8, 8.5, 12.7]},
			"faces": {
				"north": {"uv": [4, 4, 5, 6], "texture": "#6"},
				"east": {"uv": [0, 0, 0, 2], "texture": "#6"},
				"south": {"uv": [0, 5, 1, 7], "texture": "#6"},
				"west": {"uv": [0, 0, 0, 2], "texture": "#6"},
				"up": {"uv": [1, 0, 0, 0], "texture": "#6"},
				"down": {"uv": [1, 0, 0, 0], "texture": "#6"}
			}
		},
		{
			"from": [8.5, 10.5, 12],
			"to": [9.5, 11.5, 13.1],
			"rotation": {"angle": 0, "axis": "y", "origin": [8.5, 9.5, 11]},
			"faces": {
				"north": {"uv": [7, 2, 8, 3], "texture": "#6"},
				"east": {"uv": [3, 7, 4, 8], "texture": "#6"},
				"south": {"uv": [7, 3, 8, 4], "texture": "#6"},
				"west": {"uv": [4, 7, 5, 8], "texture": "#6"},
				"up": {"uv": [8, 5, 7, 4], "texture": "#6"},
				"down": {"uv": [6, 7, 5, 8], "texture": "#6"}
			}
		},
		{
			"from": [7.9, 6.1, 12.7],
			"to": [8.9, 11.1, 12.7],
			"rotation": {"angle": 0, "axis": "y", "origin": [7.9, 9.1, 11.7]},
			"faces": {
				"north": {"uv": [0, 0, 1, 5], "texture": "#6"},
				"east": {"uv": [0, 0, 0, 5], "texture": "#6"},
				"south": {"uv": [1, 0, 2, 5], "texture": "#6"},
				"west": {"uv": [0, 0, 0, 5], "texture": "#6"},
				"up": {"uv": [1, 0, 0, 0], "texture": "#6"},
				"down": {"uv": [1, 0, 0, 0], "texture": "#6"}
			}
		},
		{
			"from": [8.5, 5.1, 12.7],
			"to": [9.5, 6.1, 12.7],
			"rotation": {"angle": 0, "axis": "y", "origin": [7.5, 8.1, 11.7]},
			"faces": {
				"north": {"uv": [7, 5, 8, 6], "texture": "#6"},
				"east": {"uv": [0, 0, 0, 1], "texture": "#6"},
				"south": {"uv": [6, 7, 7, 8], "texture": "#6"},
				"west": {"uv": [0, 0, 0, 1], "texture": "#6"},
				"up": {"uv": [1, 0, 0, 0], "texture": "#6"},
				"down": {"uv": [1, 0, 0, 0], "texture": "#6"}
			}
		},
		{
			"from": [8.3, 6.2, 4.1],
			"to": [9.3, 11.2, 4.1],
			"rotation": {"angle": 0, "axis": "y", "origin": [9.3, 9.2, 5.1]},
			"faces": {
				"north": {"uv": [2, 0, 3, 5], "texture": "#6"},
				"east": {"uv": [0, 0, 0, 5], "texture": "#6"},
				"south": {"uv": [3, 0, 4, 5], "texture": "#6"},
				"west": {"uv": [0, 0, 0, 5], "texture": "#6"},
				"up": {"uv": [1, 0, 0, 0], "texture": "#6"},
				"down": {"uv": [1, 0, 0, 0], "texture": "#6"}
			}
		},
		{
			"from": [7.3, 8.6, 4],
			"to": [8.3, 10.6, 4],
			"rotation": {"angle": -22.5, "axis": "z", "origin": [8.3, 8.6, 5]},
			"faces": {
				"north": {"uv": [5, 0, 6, 2], "texture": "#6"},
				"east": {"uv": [0, 0, 0, 2], "texture": "#6"},
				"south": {"uv": [1, 5, 2, 7], "texture": "#6"},
				"west": {"uv": [0, 0, 0, 2], "texture": "#6"},
				"up": {"uv": [1, 0, 0, 0], "texture": "#6"},
				"down": {"uv": [1, 0, 0, 0], "texture": "#6"}
			}
		},
		{
			"from": [8.3, 8.5, 3.3],
			"to": [9.3, 10.5, 3.3],
			"rotation": {"angle": 22.5, "axis": "x", "origin": [9.3, 8.5, 4.3]},
			"faces": {
				"north": {"uv": [2, 5, 3, 7], "texture": "#6"},
				"east": {"uv": [0, 0, 0, 2], "texture": "#6"},
				"south": {"uv": [5, 2, 6, 4], "texture": "#6"},
				"west": {"uv": [0, 0, 0, 2], "texture": "#6"},
				"up": {"uv": [1, 0, 0, 0], "texture": "#6"},
				"down": {"uv": [1, 0, 0, 0], "texture": "#6"}
			}
		},
		{
			"from": [8.9, 10.5, 4],
			"to": [9.9, 11.5, 5],
			"rotation": {"angle": 0, "axis": "y", "origin": [9.9, 9.5, 6]},
			"faces": {
				"north": {"uv": [7, 6, 8, 7], "texture": "#6"},
				"east": {"uv": [7, 7, 8, 8], "texture": "#6"},
				"south": {"uv": [0, 8, 1, 9], "texture": "#6"},
				"west": {"uv": [8, 0, 9, 1], "texture": "#6"},
				"up": {"uv": [2, 9, 1, 8], "texture": "#6"},
				"down": {"uv": [9, 1, 8, 2], "texture": "#6"}
			}
		},
		{
			"from": [8.7, 5.2, 4.1],
			"to": [9.7, 6.2, 4.1],
			"rotation": {"angle": 0, "axis": "y", "origin": [10.7, 8.2, 5.1]},
			"faces": {
				"north": {"uv": [2, 8, 3, 9], "texture": "#6"},
				"east": {"uv": [0, 0, 0, 1], "texture": "#6"},
				"south": {"uv": [8, 2, 9, 3], "texture": "#6"},
				"west": {"uv": [0, 0, 0, 1], "texture": "#6"},
				"up": {"uv": [1, 0, 0, 0], "texture": "#6"},
				"down": {"uv": [1, 0, 0, 0], "texture": "#6"}
			}
		},
		{
			"from": [4.6, 10.3, 11],
			"to": [5, 11, 12],
			"rotation": {"angle": 0, "axis": "y", "origin": [4, 9, 11]},
			"faces": {
				"north": {"uv": [3, 8, 4, 9], "texture": "#6"},
				"east": {"uv": [8, 3, 9, 4], "texture": "#6"},
				"south": {"uv": [4, 8, 5, 9], "texture": "#6"},
				"west": {"uv": [8, 4, 9, 5], "texture": "#6"},
				"up": {"uv": [6, 9, 5, 8], "texture": "#6"},
				"down": {"uv": [9, 5, 8, 6], "texture": "#6"}
			}
		},
		{
			"from": [4.7, 10.9, 10.8],
			"to": [5, 11.2, 11.3],
			"rotation": {"angle": 0, "axis": "y", "origin": [4, 9.1, 10.3]},
			"faces": {
				"north": {"uv": [6, 8, 7, 9], "texture": "#6"},
				"east": {"uv": [8, 6, 9, 7], "texture": "#6"},
				"south": {"uv": [7, 8, 8, 9], "texture": "#6"},
				"west": {"uv": [8, 7, 9, 8], "texture": "#6"},
				"up": {"uv": [9, 9, 8, 8], "texture": "#6"},
				"down": {"uv": [1, 9, 0, 10], "texture": "#6"}
			}
		},
		{
			"from": [4.7, 10.9, 11.7],
			"to": [5, 11.2, 12.2],
			"rotation": {"angle": 0, "axis": "y", "origin": [4, 9.2, 11.7]},
			"faces": {
				"north": {"uv": [9, 0, 10, 1], "texture": "#6"},
				"east": {"uv": [1, 9, 2, 10], "texture": "#6"},
				"south": {"uv": [9, 1, 10, 2], "texture": "#6"},
				"west": {"uv": [2, 9, 3, 10], "texture": "#6"},
				"up": {"uv": [10, 3, 9, 2], "texture": "#6"},
				"down": {"uv": [4, 9, 3, 10], "texture": "#6"}
			}
		},
		{
			"from": [4.8, 10.5, 9.8],
			"to": [4.8, 10.8, 11],
			"rotation": {"angle": 0, "axis": "y", "origin": [4.2, 9.2, 10]},
			"faces": {
				"north": {"uv": [0, 0, 0, 1], "texture": "#6"},
				"east": {"uv": [9, 3, 10, 4], "texture": "#6"},
				"south": {"uv": [0, 0, 0, 1], "texture": "#6"},
				"west": {"uv": [4, 9, 5, 10], "texture": "#6"},
				"up": {"uv": [0, 1, 0, 0], "texture": "#6"},
				"down": {"uv": [0, 0, 0, 1], "texture": "#6"}
			}
		},
		{
			"from": [8, 10, 6],
			"to": [9, 11, 7],
			"rotation": {"angle": 0, "axis": "y", "origin": [8, 9, 5]},
			"faces": {
				"north": {"uv": [9, 4, 10, 5], "texture": "#6"},
				"east": {"uv": [5, 9, 6, 10], "texture": "#6"},
				"south": {"uv": [9, 5, 10, 6], "texture": "#6"},
				"west": {"uv": [6, 9, 7, 10], "texture": "#6"},
				"up": {"uv": [10, 7, 9, 6], "texture": "#6"},
				"down": {"uv": [8, 9, 7, 10], "texture": "#6"}
			}
		},
		{
			"from": [4.8, 10.4, 4.2],
			"to": [4.8, 10.7, 5.6],
			"rotation": {"angle": 22.5, "axis": "x", "origin": [4.2, 9.1, 4.6]},
			"faces": {
				"north": {"uv": [0, 0, 0, 1], "texture": "#6"},
				"east": {"uv": [9, 7, 10, 8], "texture": "#6"},
				"south": {"uv": [0, 0, 0, 1], "texture": "#6"},
				"west": {"uv": [8, 9, 9, 10], "texture": "#6"},
				"up": {"uv": [0, 1, 0, 0], "texture": "#6"},
				"down": {"uv": [0, 0, 0, 1], "texture": "#6"}
			}
		},
		{
			"from": [4.8, 11.6, 5.6],
			"to": [4.8, 11.9, 7.2],
			"rotation": {"angle": -22.5, "axis": "x", "origin": [4.2, 10.3, 6.1]},
			"faces": {
				"north": {"uv": [0, 0, 0, 1], "texture": "#6"},
				"east": {"uv": [9, 8, 10, 9], "texture": "#6"},
				"south": {"uv": [0, 0, 0, 1], "texture": "#6"},
				"west": {"uv": [9, 9, 10, 10], "texture": "#6"},
				"up": {"uv": [0, 1, 0, 0], "texture": "#6"},
				"down": {"uv": [0, 0, 0, 1], "texture": "#6"}
			}
		},
		{
			"from": [12.1, 1.3, 12],
			"to": [12.1, 12.3, 13],
			"rotation": {"angle": 0, "axis": "y", "origin": [10.1, 7.3, 9]},
			"faces": {
				"north": {"uv": [0, 0, 0, 5.5], "texture": "#7"},
				"east": {"uv": [6, 6.5, 6.5, 12], "texture": "#7"},
				"south": {"uv": [0, 0, 0, 5.5], "texture": "#7"},
				"west": {"uv": [6.5, 6.5, 7, 12], "texture": "#7"},
				"up": {"uv": [0, 0.5, 0, 0], "texture": "#7"},
				"down": {"uv": [0, 0, 0, 0.5], "texture": "#7"}
			}
		},
		{
			"from": [12.1, 2.3, 4],
			"to": [12.1, 12.3, 5],
			"rotation": {"angle": 0, "axis": "y", "origin": [10.1, 7.3, 2]},
			"faces": {
				"north": {"uv": [0, 0, 0, 5], "texture": "#7"},
				"east": {"uv": [7, 6.5, 7.5, 11.5], "texture": "#7"},
				"south": {"uv": [0, 0, 0, 5], "texture": "#7"},
				"west": {"uv": [7.5, 6.5, 8, 11.5], "texture": "#7"},
				"up": {"uv": [0, 0.5, 0, 0], "texture": "#7"},
				"down": {"uv": [0, 0, 0, 0.5], "texture": "#7"}
			}
		},
		{
			"from": [12.1, 1.3, 5],
			"to": [12.1, 13.3, 8],
			"rotation": {"angle": 0, "axis": "y", "origin": [10.1, 7.3, 5]},
			"faces": {
				"north": {"uv": [0, 0, 0, 6], "texture": "#7"},
				"east": {"uv": [0, 6.5, 1.5, 12.5], "texture": "#7"},
				"south": {"uv": [0, 0, 0, 6], "texture": "#7"},
				"west": {"uv": [1.5, 6.5, 3, 12.5], "texture": "#7"},
				"up": {"uv": [0, 1.5, 0, 0], "texture": "#7"},
				"down": {"uv": [0, 0, 0, 1.5], "texture": "#7"}
			}
		},
		{
			"from": [12.1, 0.3, 8],
			"to": [12.1, 13.3, 12],
			"rotation": {"angle": 0, "axis": "y", "origin": [10.1, 7.3, 9]},
			"faces": {
				"north": {"uv": [0, 0, 0, 6.5], "texture": "#7"},
				"east": {"uv": [4, 0, 6, 6.5], "texture": "#7"},
				"south": {"uv": [0, 0, 0, 6.5], "texture": "#7"},
				"west": {"uv": [6, 0, 8, 6.5], "texture": "#7"},
				"up": {"uv": [0, 2, 0, 0], "texture": "#7"},
				"down": {"uv": [0, 0, 0, 2], "texture": "#7"}
			}
		},
		{
			"name": "head",
			"from": [4.9, 10.2, 8],
			"to": [4.9, 14.2, 11],
			"rotation": {"angle": 0, "axis": "y", "origin": [-7.1, 7.2, 0]},
			"faces": {
				"north": {"uv": [0, 0, 0, 2], "texture": "#7"},
				"east": {"uv": [3, 6.5, 4.5, 8.5], "texture": "#7"},
				"south": {"uv": [0, 0, 0, 2], "texture": "#7"},
				"west": {"uv": [4.5, 6.5, 6, 8.5], "texture": "#7"},
				"up": {"uv": [0, 1.5, 0, 0], "texture": "#7"},
				"down": {"uv": [0, 0, 0, 1.5], "texture": "#7"}
			}
		},
		{
			"name": "head",
			"from": [4.9, 11.2, 6],
			"to": [4.9, 14.2, 8],
			"rotation": {"angle": 0, "axis": "y", "origin": [-7.1, 7.2, -4]},
			"faces": {
				"north": {"uv": [0, 0, 0, 1.5], "texture": "#7"},
				"east": {"uv": [3, 8.5, 4, 10], "texture": "#7"},
				"south": {"uv": [0, 0, 0, 1.5], "texture": "#7"},
				"west": {"uv": [4, 8.5, 5, 10], "texture": "#7"},
				"up": {"uv": [0, 1, 0, 0], "texture": "#7"},
				"down": {"uv": [0, 0, 0, 1], "texture": "#7"}
			}
		},
		{
			"name": "head",
			"from": [4.9, 5.2, 11],
			"to": [4.9, 13.2, 12],
			"rotation": {"angle": 0, "axis": "y", "origin": [-7.1, 7.2, 4]},
			"faces": {
				"north": {"uv": [0, 0, 0, 4], "texture": "#7"},
				"east": {"uv": [8, 0, 8.5, 4], "texture": "#7"},
				"south": {"uv": [0, 0, 0, 4], "texture": "#7"},
				"west": {"uv": [8, 4, 8.5, 8], "texture": "#7"},
				"up": {"uv": [0, 0.5, 0, 0], "texture": "#7"},
				"down": {"uv": [0, 0, 0, 0.5], "texture": "#7"}
			}
		},
		{
			"name": "head",
			"from": [4.9, 4.2, 10],
			"to": [4.9, 5.2, 11],
			"rotation": {"angle": 0, "axis": "y", "origin": [-7.1, 6.2, 3]},
			"faces": {
				"north": {"uv": [0, 0, 0, 0.5], "texture": "#7"},
				"east": {"uv": [9, 0, 9.5, 0.5], "texture": "#7"},
				"south": {"uv": [0, 0, 0, 0.5], "texture": "#7"},
				"west": {"uv": [9, 0.5, 9.5, 1], "texture": "#7"},
				"up": {"uv": [0, 0.5, 0, 0], "texture": "#7"},
				"down": {"uv": [0, 0, 0, 0.5], "texture": "#7"}
			}
		},
		{
			"name": "head",
			"from": [4.9, 5.2, 5],
			"to": [4.9, 13.2, 6],
			"rotation": {"angle": 0, "axis": "y", "origin": [-7.1, 7.2, -2]},
			"faces": {
				"north": {"uv": [0, 0, 0, 4], "texture": "#7"},
				"east": {"uv": [8, 8, 8.5, 12], "texture": "#7"},
				"south": {"uv": [0, 0, 0, 4], "texture": "#7"},
				"west": {"uv": [8.5, 0, 9, 4], "texture": "#7"},
				"up": {"uv": [0, 0.5, 0, 0], "texture": "#7"},
				"down": {"uv": [0, 0, 0, 0.5], "texture": "#7"}
			}
		},
		{
			"name": "head",
			"from": [4.9, 4.2, 6],
			"to": [4.9, 5.2, 7],
			"rotation": {"angle": 0, "axis": "y", "origin": [-7.1, 6.2, -1]},
			"faces": {
				"north": {"uv": [0, 0, 0, 0.5], "texture": "#7"},
				"east": {"uv": [9, 1, 9.5, 1.5], "texture": "#7"},
				"south": {"uv": [0, 0, 0, 0.5], "texture": "#7"},
				"west": {"uv": [9, 1.5, 9.5, 2], "texture": "#7"},
				"up": {"uv": [0, 0.5, 0, 0], "texture": "#7"},
				"down": {"uv": [0, 0, 0, 0.5], "texture": "#7"}
			}
		},
		{
			"name": "head",
			"from": [4.9, 6.2, 12],
			"to": [4.9, 12.2, 13],
			"rotation": {"angle": 0, "axis": "y", "origin": [-7.1, 7.2, 5]},
			"faces": {
				"north": {"uv": [0, 0, 0, 3], "texture": "#7"},
				"east": {"uv": [8.5, 4, 9, 7], "texture": "#7"},
				"south": {"uv": [0, 0, 0, 3], "texture": "#7"},
				"west": {"uv": [5, 8.5, 5.5, 11.5], "texture": "#7"},
				"up": {"uv": [0, 0.5, 0, 0], "texture": "#7"},
				"down": {"uv": [0, 0, 0, 0.5], "texture": "#7"}
			}
		},
		{
			"name": "head",
			"from": [4.9, 6.2, 4],
			"to": [4.9, 12.2, 5],
			"rotation": {"angle": 0, "axis": "y", "origin": [-7.1, 7.2, -3]},
			"faces": {
				"north": {"uv": [0, 0, 0, 3], "texture": "#7"},
				"east": {"uv": [5.5, 8.5, 6, 11.5], "texture": "#7"},
				"south": {"uv": [0, 0, 0, 3], "texture": "#7"},
				"west": {"uv": [8.5, 7, 9, 10], "texture": "#7"},
				"up": {"uv": [0, 0.5, 0, 0], "texture": "#7"},
				"down": {"uv": [0, 0, 0, 0.5], "texture": "#7"}
			}
		}
	],
	"display": {
		"thirdperson_righthand": {
			"rotation": [1.5, 58, 3.5],
			"translation": [0, 6, -1],
			"scale": [0.8, 0.8, 0.8]
		},
		"thirdperson_lefthand": {
			"rotation": [-165, -82, -180],
			"translation": [0.25, 5.75, 0.5],
			"scale": [0.8, 0.8, 0.8]
		},
		"firstperson_righthand": {
			"rotation": [-2, 61, 0],
			"translation": [5.25, 4, -5.25]
		},
		"firstperson_lefthand": {
			"rotation": [0, -132, 0],
			"translation": [5.25, 4, -3.5]
		},
		"ground": {
			"rotation": [3.9, 16.11, -84.41]
		},
		"gui": {
			"rotation": [0, 63.5, 0]
		},
		"head": {
			"rotation": [-180, -90, 180],
			"translation": [0, 15.3, 0]
		},
		"fixed": {
			"rotation": [0, -90, 90],
			"translation": [0, 4.25, -24],
			"scale": [3, 3, 3]
		}
	},
	"groups": [
		{
			"name": "body",
			"origin": [0, 0, 1],
			"color": 0,
			"children": [0, 1, 2, 3, 4]
		},
		{
			"name": "w",
			"origin": [8, 8, 8],
			"color": 0,
			"children": [5, 6, 7, 8, 9, 10, 11, 12, 13]
		},
		14,
		15,
		{
			"name": "meme",
			"origin": [8, 8, 8],
			"color": 0,
			"children": [16, 17]
		},
		{
			"name": "head stuff",
			"origin": [8, 8, 8],
			"color": 0,
			"children": [
				18,
				19,
				{
					"name": "head stuff",
					"origin": [8, 8, 8],
					"color": 0,
					"children": [
						20,
						{
							"name": "head stuff",
							"origin": [8, 8, 8],
							"color": 0,
							"children": [21, 22, 23, 24, 25, 26, 27, 28, 29, 30, 31, 32, 33, 34, 35, 36, 37, 38]
						}
					]
				}
			]
		},
		{
			"name": "hair",
			"origin": [8, 8, 8],
			"color": 0,
			"children": [39, 40, 41, 42, 43, 44, 45, 46, 47, 48, 49, 50]
		}
	]
}