{
	"credit": "Made with Blockbench",
	"textures": {
		"0": "item/nyan_doll_main",
		"1": "item/nyan_doll_hair",
		"2": "item/nyan_doll_head",
		"3": "item/nyan_doll_meme",
		"4": "item/nyan_doll_tag",
		"particle": "item/nyan_doll_main"
	},
	"elements": [
		{
			"from": [7, 0, 6],
			"to": [10, 7, 11],
			"rotation": {"angle": 0, "axis": "y", "origin": [0, 0, 1]},
			"faces": {
				"north": {"uv": [0, 3.5, 1.5, 7], "texture": "#0"},
				"east": {"uv": [0, 0, 2.5, 3.5], "texture": "#0"},
				"south": {"uv": [1.5, 3.5, 3, 7], "texture": "#0"},
				"west": {"uv": [2.5, 0, 5, 3.5], "texture": "#0"},
				"up": {"uv": [4.5, 6, 3, 3.5], "texture": "#0"},
				"down": {"uv": [6, 3.5, 4.5, 6], "texture": "#0"}
			}
		},
		{
			"from": [7, 0, 2.6],
			"to": [11, 2, 4.6],
			"rotation": {"angle": -22.5, "axis": "y", "origin": [1, 0, -3.4]},
			"faces": {
				"north": {"uv": [5, 0, 7, 1], "texture": "#0"},
				"east": {"uv": [7, 2, 8, 3], "texture": "#0"},
				"south": {"uv": [5, 1, 7, 2], "texture": "#0"},
				"west": {"uv": [7, 6, 8, 7], "texture": "#0"},
				"up": {"uv": [7, 3, 5, 2], "texture": "#0"},
				"down": {"uv": [5, 6, 3, 7], "texture": "#0"}
			}
		},
		{
			"from": [1.6, 0, 13.4],
			"to": [5.6, 2, 15.4],
			"rotation": {"angle": 22.5, "axis": "y", "origin": [-4.4, 0, 7.4]},
			"faces": {
				"north": {"uv": [6, 3, 8, 4], "texture": "#0"},
				"east": {"uv": [7, 7, 8, 8], "texture": "#0"},
				"south": {"uv": [6, 4, 8, 5], "texture": "#0"},
				"west": {"uv": [8, 0, 9, 1], "texture": "#0"},
				"up": {"uv": [7, 7, 5, 6], "texture": "#0"},
				"down": {"uv": [8, 5, 6, 6], "texture": "#0"}
			}
		},
		{
			"from": [7.6, -1, 18.4],
			"to": [9.6, 3, 20.4],
			"rotation": {"angle": -45, "axis": "x", "origin": [9.6, -7, 12.4]},
			"faces": {
				"north": {"uv": [0, 7, 1, 9], "texture": "#0"},
				"east": {"uv": [7, 0, 8, 2], "texture": "#0"},
				"south": {"uv": [1, 7, 2, 9], "texture": "#0"},
				"west": {"uv": [2, 7, 3, 9], "texture": "#0"},
				"up": {"uv": [9, 2, 8, 1], "texture": "#0"},
				"down": {"uv": [9, 2, 8, 3], "texture": "#0"}
			}
		},
		{
			"from": [7.4, 4.2, 12.1],
			"to": [9.4, 8.2, 14.1],
			"rotation": {"angle": 45, "axis": "x", "origin": [7.4, 14.2, 6.1]},
			"faces": {
				"north": {"uv": [3, 7, 4, 9], "texture": "#0"},
				"east": {"uv": [4, 7, 5, 9], "texture": "#0"},
				"south": {"uv": [5, 7, 6, 9], "texture": "#0"},
				"west": {"uv": [6, 7, 7, 9], "texture": "#0"},
				"up": {"uv": [9, 4, 8, 3], "texture": "#0"},
				"down": {"uv": [9, 4, 8, 5], "texture": "#0"}
			}
		},
		{
			"name": "head",
			"from": [6, 3, 5],
			"to": [13, 10, 12],
			"rotation": {"angle": 22.5, "axis": "z", "origin": [1, 3, 0]},
			"faces": {
				"north": {"uv": [0, 0, 3.5, 3.5], "texture": "#2"},
				"east": {"uv": [0, 3.5, 3.5, 7], "texture": "#2"},
				"south": {"uv": [3.5, 0, 7, 3.5], "texture": "#2"},
				"west": {"uv": [3.5, 3.5, 7, 7], "texture": "#2"},
				"up": {"uv": [3.5, 10.5, 0, 7], "texture": "#2"},
				"down": {"uv": [10.5, 0, 7, 3.5], "texture": "#2"}
			}
		},
		{
			"from": [3, 3.6, 10],
			"to": [3, 4.6, 11],
			"rotation": {"angle": 22.5, "axis": "z", "origin": [3, 9.6, 9]},
			"faces": {
				"north": {"uv": [0, 0, 0, 0.5], "texture": "#1"},
				"east": {"uv": [6.5, 6, 7, 6.5], "texture": "#1"},
				"south": {"uv": [0, 0, 0, 0.5], "texture": "#1"},
				"west": {"uv": [6.5, 6.5, 7, 7], "texture": "#1"},
				"up": {"uv": [0, 0.5, 0, 0], "texture": "#1"},
				"down": {"uv": [0, 0, 0, 0.5], "texture": "#1"}
			}
		},
		{
			"from": [3, 9.6, 9],
			"to": [3, 12.6, 11],
			"rotation": {"angle": 22.5, "axis": "z", "origin": [3, 10.6, 9]},
			"faces": {
				"north": {"uv": [0, 0, 0, 1.5], "texture": "#1"},
				"east": {"uv": [4.5, 4, 5.5, 5.5], "texture": "#1"},
				"south": {"uv": [0, 0, 0, 1.5], "texture": "#1"},
				"west": {"uv": [5, 0, 6, 1.5], "texture": "#1"},
				"up": {"uv": [0, 1, 0, 0], "texture": "#1"},
				"down": {"uv": [0, 0, 0, 1], "texture": "#1"}
			}
		},
		{
			"from": [3, 8.6, 6],
			"to": [3, 12.6, 9],
			"rotation": {"angle": 22.5, "axis": "z", "origin": [3, 10.6, 7]},
			"faces": {
				"north": {"uv": [0, 0, 0, 2], "texture": "#1"},
				"east": {"uv": [3, 4, 4.5, 6], "texture": "#1"},
				"south": {"uv": [0, 0, 0, 2], "texture": "#1"},
				"west": {"uv": [0, 4.5, 1.5, 6.5], "texture": "#1"},
				"up": {"uv": [0, 1.5, 0, 0], "texture": "#1"},
				"down": {"uv": [0, 0, 0, 1.5], "texture": "#1"}
			}
		},
		{
			"from": [3, 8.6, 5],
			"to": [3, 11.6, 6],
			"rotation": {"angle": 22.5, "axis": "z", "origin": [3, 10.6, 7]},
			"faces": {
				"north": {"uv": [0, 0, 0, 1.5], "texture": "#1"},
				"east": {"uv": [6, 3, 6.5, 4.5], "texture": "#1"},
				"south": {"uv": [0, 0, 0, 1.5], "texture": "#1"},
				"west": {"uv": [1, 6.5, 1.5, 8], "texture": "#1"},
				"up": {"uv": [0, 0.5, 0, 0], "texture": "#1"},
				"down": {"uv": [0, 0, 0, 0.5], "texture": "#1"}
			}
		},
		{
			"from": [3, 4.6, 11],
			"to": [3, 11.6, 12],
			"rotation": {"angle": 22.5, "axis": "z", "origin": [3, 10.6, 12]},
			"faces": {
				"north": {"uv": [0, 0, 0, 3.5], "texture": "#1"},
				"east": {"uv": [1.5, 4.5, 2, 8], "texture": "#1"},
				"south": {"uv": [0, 0, 0, 3.5], "texture": "#1"},
				"west": {"uv": [2, 4.5, 2.5, 8], "texture": "#1"},
				"up": {"uv": [0, 0.5, 0, 0], "texture": "#1"},
				"down": {"uv": [0, 0, 0, 0.5], "texture": "#1"}
			}
		},
		{
			"from": [3, 4.6, 5],
			"to": [3, 8.6, 6],
			"rotation": {"angle": 22.5, "axis": "z", "origin": [3, 10.6, 7]},
			"faces": {
				"north": {"uv": [0, 0, 0, 2], "texture": "#1"},
				"east": {"uv": [0, 6.5, 0.5, 8.5], "texture": "#1"},
				"south": {"uv": [0, 0, 0, 2], "texture": "#1"},
				"west": {"uv": [0.5, 6.5, 1, 8.5], "texture": "#1"},
				"up": {"uv": [0, 0.5, 0, 0], "texture": "#1"},
				"down": {"uv": [0, 0, 0, 0.5], "texture": "#1"}
			}
		},
		{
			"from": [3, 5.6, 12],
			"to": [3, 10.6, 13],
			"rotation": {"angle": 22.5, "axis": "z", "origin": [3, 10.6, 13]},
			"faces": {
				"north": {"uv": [0, 0, 0, 2.5], "texture": "#1"},
				"east": {"uv": [5, 1.5, 5.5, 4], "texture": "#1"},
				"south": {"uv": [0, 0, 0, 2.5], "texture": "#1"},
				"west": {"uv": [4, 6, 4.5, 8.5], "texture": "#1"},
				"up": {"uv": [0, 0.5, 0, 0], "texture": "#1"},
				"down": {"uv": [0, 0, 0, 0.5], "texture": "#1"}
			}
		},
		{
			"from": [3, 5.6, 4],
			"to": [3, 10.6, 5],
			"rotation": {"angle": 22.5, "axis": "z", "origin": [3, 10.6, 5]},
			"faces": {
				"north": {"uv": [0, 0, 0, 2.5], "texture": "#1"},
				"east": {"uv": [5.5, 6, 6, 8.5], "texture": "#1"},
				"south": {"uv": [0, 0, 0, 2.5], "texture": "#1"},
				"west": {"uv": [6, 6, 6.5, 8.5], "texture": "#1"},
				"up": {"uv": [0, 0.5, 0, 0], "texture": "#1"},
				"down": {"uv": [0, 0, 0, 0.5], "texture": "#1"}
			}
		},
		{
			"from": [8, 6.6, 12.1],
			"to": [11, 7.6, 12.1],
			"rotation": {"angle": 22.5, "axis": "z", "origin": [12, 6.6, 12.1]},
			"faces": {
				"north": {"uv": [6.5, 3, 8, 3.5], "texture": "#1"},
				"east": {"uv": [0, 0, 0, 0.5], "texture": "#1"},
				"south": {"uv": [6.5, 3.5, 8, 4], "texture": "#1"},
				"west": {"uv": [0, 0, 0, 0.5], "texture": "#1"},
				"up": {"uv": [1.5, 0, 0, 0], "texture": "#1"},
				"down": {"uv": [1.5, 0, 0, 0], "texture": "#1"}
			}
		},
		{
			"from": [8, 6.6, 4.8],
			"to": [11, 7.6, 4.8],
			"rotation": {"angle": 22.5, "axis": "z", "origin": [12, 6.6, 4.8]},
			"faces": {
				"north": {"uv": [6.5, 4, 8, 4.5], "texture": "#1"},
				"east": {"uv": [0, 0, 0, 0.5], "texture": "#1"},
				"south": {"uv": [6.5, 4.5, 8, 5], "texture": "#1"},
				"west": {"uv": [0, 0, 0, 0.5], "texture": "#1"},
				"up": {"uv": [1.5, 0, 0, 0], "texture": "#1"},
				"down": {"uv": [1.5, 0, 0, 0], "texture": "#1"}
			}
		},
		{
			"from": [8, 6.6, 12.2],
			"to": [11, 7.6, 12.2],
			"rotation": {"angle": 22.5, "axis": "z", "origin": [12, 6.6, 12.2]},
			"faces": {
				"north": {"uv": [6.5, 5, 8, 5.5], "texture": "#1"},
				"east": {"uv": [0, 0, 0, 0.5], "texture": "#1"},
				"south": {"uv": [6.5, 5.5, 8, 6], "texture": "#1"},
				"west": {"uv": [0, 0, 0, 0.5], "texture": "#1"},
				"up": {"uv": [1.5, 0, 0, 0], "texture": "#1"},
				"down": {"uv": [1.5, 0, 0, 0], "texture": "#1"}
			}
		},
		{
			"from": [10.3, 5, 5],
			"to": [10.3, 11, 6],
			"rotation": {"angle": 22.5, "axis": "z", "origin": [3, 11, 13]},
			"faces": {
				"north": {"uv": [0, 0, 0, 3], "texture": "#1"},
				"east": {"uv": [2.5, 4.5, 3, 7.5], "texture": "#1"},
				"south": {"uv": [0, 0, 0, 3], "texture": "#1"},
				"west": {"uv": [5.5, 1.5, 6, 4.5], "texture": "#1"},
				"up": {"uv": [0, 0.5, 0, 0], "texture": "#1"},
				"down": {"uv": [0, 0, 0, 0.5], "texture": "#1"}
			}
		},
		{
			"from": [10.3, 4, 6],
			"to": [10.3, 12, 8],
			"rotation": {"angle": 22.5, "axis": "z", "origin": [3, 11, 13]},
			"faces": {
				"north": {"uv": [0, 0, 0, 4], "texture": "#1"},
				"east": {"uv": [3, 0, 4, 4], "texture": "#1"},
				"south": {"uv": [0, 0, 0, 4], "texture": "#1"},
				"west": {"uv": [4, 0, 5, 4], "texture": "#1"},
				"up": {"uv": [0, 1, 0, 0], "texture": "#1"},
				"down": {"uv": [0, 0, 0, 1], "texture": "#1"}
			}
		},
		{
			"from": [8.7, 3, 4.8],
			"to": [10.7, 6, 4.8],
			"rotation": {"angle": 22.5, "axis": "x", "origin": [11.7, 6, 4.8]},
			"faces": {
				"north": {"uv": [4.5, 5.5, 5.5, 7], "texture": "#1"},
				"east": {"uv": [0, 0, 0, 1.5], "texture": "#1"},
				"south": {"uv": [5.5, 4.5, 6.5, 6], "texture": "#1"},
				"west": {"uv": [0, 0, 0, 1.5], "texture": "#1"},
				"up": {"uv": [1, 0, 0, 0], "texture": "#1"},
				"down": {"uv": [1, 0, 0, 0], "texture": "#1"}
			}
		},
		{
			"from": [8.7, 3, 12.2],
			"to": [10.7, 6, 12.2],
			"rotation": {"angle": -22.5, "axis": "x", "origin": [11.7, 6, 12.2]},
			"faces": {
				"north": {"uv": [6, 0, 7, 1.5], "texture": "#1"},
				"east": {"uv": [0, 0, 0, 1.5], "texture": "#1"},
				"south": {"uv": [6, 1.5, 7, 3], "texture": "#1"},
				"west": {"uv": [0, 0, 0, 1.5], "texture": "#1"},
				"up": {"uv": [1, 0, 0, 0], "texture": "#1"},
				"down": {"uv": [1, 0, 0, 0], "texture": "#1"}
			}
		},
		{
			"from": [10.3, 5, 11],
			"to": [10.3, 11, 12],
			"rotation": {"angle": 22.5, "axis": "z", "origin": [3, 11, 19]},
			"faces": {
				"north": {"uv": [0, 0, 0, 3], "texture": "#1"},
				"east": {"uv": [3, 6, 3.5, 9], "texture": "#1"},
				"south": {"uv": [0, 0, 0, 3], "texture": "#1"},
				"west": {"uv": [3.5, 6, 4, 9], "texture": "#1"},
				"up": {"uv": [0, 0.5, 0, 0], "texture": "#1"},
				"down": {"uv": [0, 0, 0, 0.5], "texture": "#1"}
			}
		},
		{
			"from": [10.3, 3, 8],
			"to": [10.3, 12, 11],
			"rotation": {"angle": 22.5, "axis": "z", "origin": [3, 11, 13]},
			"faces": {
				"north": {"uv": [0, 0, 0, 4.5], "texture": "#1"},
				"east": {"uv": [0, 0, 1.5, 4.5], "texture": "#1"},
				"south": {"uv": [0, 0, 0, 4.5], "texture": "#1"},
				"west": {"uv": [1.5, 0, 3, 4.5], "texture": "#1"},
				"up": {"uv": [0, 1.5, 0, 0], "texture": "#1"},
				"down": {"uv": [0, 0, 0, 1.5], "texture": "#1"}
			}
		},
		{
			"from": [3, 3.6, 6],
			"to": [3, 4.6, 7],
			"rotation": {"angle": 22.5, "axis": "z", "origin": [3, 9.6, 5]},
			"faces": {
				"north": {"uv": [0, 0, 0, 0.5], "texture": "#1"},
				"east": {"uv": [6.5, 6, 7, 6.5], "texture": "#1"},
				"south": {"uv": [0, 0, 0, 0.5], "texture": "#1"},
				"west": {"uv": [6.5, 6.5, 7, 7], "texture": "#1"},
				"up": {"uv": [0, 0.5, 0, 0], "texture": "#1"},
				"down": {"uv": [0, 0, 0, 0.5], "texture": "#1"}
			}
		},
		{
			"from": [2.9, 5, 8.1],
			"to": [2.9, 5.4, 8.8],
			"rotation": {"angle": 22.5, "axis": "z", "origin": [2.9, 11, 11.1]},
			"faces": {
				"north": {"uv": [0, 0, 0, 0.5], "texture": "#1"},
				"east": {"uv": [7, 0, 7.5, 0.5], "texture": "#1"},
				"south": {"uv": [0, 0, 0, 0.5], "texture": "#1"},
				"west": {"uv": [7, 0.5, 7.5, 1], "texture": "#1"},
				"up": {"uv": [0, 0.5, 0, 0], "texture": "#1"},
				"down": {"uv": [0, 0, 0, 0.5], "texture": "#1"}
			}
		},
		{
			"from": [4.1, 12.9, 4.9],
			"to": [4.1, 13.9, 6.9],
			"rotation": {"angle": -22.5, "axis": "x", "origin": [4.1, 10.9, 5.9]},
			"faces": {
				"north": {"uv": [0, 0, 0, 1], "texture": "#3"},
				"east": {"uv": [4, 4, 6, 5], "texture": "#3"},
				"south": {"uv": [0, 0, 0, 1], "texture": "#3"},
				"west": {"uv": [0, 5, 2, 6], "texture": "#3"},
				"up": {"uv": [0, 2, 0, 0], "texture": "#3"},
				"down": {"uv": [0, 0, 0, 2], "texture": "#3"}
			}
		},
		{
			"from": [4.1, 10.9, 9.1],
			"to": [4.1, 12.9, 12.1],
			"rotation": {"angle": 22.5, "axis": "x", "origin": [4.1, 10.9, 11.1]},
			"faces": {
				"north": {"uv": [0, 0, 0, 2], "texture": "#3"},
				"east": {"uv": [0, 0, 3, 2], "texture": "#3"},
				"south": {"uv": [0, 0, 0, 2], "texture": "#3"},
				"west": {"uv": [0, 2, 3, 4], "texture": "#3"},
				"up": {"uv": [0, 3, 0, 0], "texture": "#3"},
				"down": {"uv": [0, 0, 0, 3], "texture": "#3"}
			}
		},
		{
			"from": [4.1, 12.9, 10.1],
			"to": [4.1, 13.9, 12.1],
			"rotation": {"angle": 22.5, "axis": "x", "origin": [4.1, 10.9, 11.1]},
			"faces": {
				"north": {"uv": [0, 0, 0, 1], "texture": "#3"},
				"east": {"uv": [0, 4, 2, 5], "texture": "#3"},
				"south": {"uv": [0, 0, 0, 1], "texture": "#3"},
				"west": {"uv": [2, 4, 4, 5], "texture": "#3"},
				"up": {"uv": [0, 2, 0, 0], "texture": "#3"},
				"down": {"uv": [0, 0, 0, 2], "texture": "#3"}
			}
		},
		{
			"from": [4.1, 10.9, 4.9],
			"to": [4.1, 12.9, 7.9],
			"rotation": {"angle": -22.5, "axis": "x", "origin": [4.1, 10.9, 5.9]},
			"faces": {
				"north": {"uv": [0, 0, 0, 2], "texture": "#3"},
				"east": {"uv": [3, 0, 6, 2], "texture": "#3"},
				"south": {"uv": [0, 0, 0, 2], "texture": "#3"},
				"west": {"uv": [3, 2, 6, 4], "texture": "#3"},
				"up": {"uv": [0, 3, 0, 0], "texture": "#3"},
				"down": {"uv": [0, 0, 0, 3], "texture": "#3"}
			}
		},
		{
			"name": "tag",
			"from": [10, 0, 9],
			"to": [11, 0, 11],
			"rotation": {"angle": 0, "axis": "y", "origin": [9, 0, 9]},
			"faces": {
				"north": {"uv": [0, 0, 1, 0], "texture": "#4"},
				"east": {"uv": [0, 0, 2, 0], "texture": "#4"},
				"south": {"uv": [0, 0, 1, 0], "texture": "#4"},
				"west": {"uv": [0, 0, 2, 0], "texture": "#4"},
				"up": {"uv": [1, 2, 0, 0], "texture": "#4"},
				"down": {"uv": [2, 0, 1, 2], "texture": "#4"}
			}
		}
	],
	"display": {
		"thirdperson_righthand": {
			"rotation": [1.5, 58, 3.5],
			"translation": [0, 6, -1],
			"scale": [0.8, 0.8, 0.8]
		},
		"thirdperson_lefthand": {
			"rotation": [-133, -59, 180],
			"translation": [0, 6.75, 4.5],
			"scale": [0.8, 0.8, 0.8]
		},
		"firstperson_righthand": {
			"rotation": [-20, 61, 0],
			"translation": [5.25, 4, -5.25]
		},
		"firstperson_lefthand": {
			"rotation": [-4, -132, 23],
			"translation": [5.25, 3.25, -3.5]
		},
		"ground": {
			"rotation": [3.9, 16.11, -84.41]
		},
		"gui": {
			"rotation": [0, 63.5, 0]
		},
		"head": {
			"rotation": [-180, -90, 180],
			"translation": [0, 15.3, 0]
		},
		"fixed": {
			"rotation": [0, -90, 90],
			"translation": [0, 4.25, -24],
			"scale": [3, 3, 3]
		}
	},
	"groups": [
		{
			"name": "body",
			"origin": [0, 0, 1],
			"color": 0,
			"children": [0, 1, 2, 3, 4]
		},
		5,
		{
			"name": "hair",
			"origin": [0, 0, 1],
			"color": 0,
			"children": [6, 7, 8, 9, 10, 11, 12, 13, 14, 15, 16, 17, 18, 19, 20, 21, 22, 23]
		},
		{
			"name": "me me",
			"origin": [8, 8, 8],
			"color": 0,
			"children": [24, 25, 26, 27, 28]
		},
		29
	]
}