{
	"credit": "Made with Blockbench",
	"textures": {
		"0": "item/gummy_doll_body",
		"1": "item/gummy_doll_head",
		"2": "item/gummy_doll_panda",
		"3": "item/gummy_doll_hair",
		"4": "item/gummy_doll_skirt",
		"5": "item/gummy_doll_mouth",
		"6": "block/gummy_doll_tag",
		"particle": "item/gummy_doll_body"
	},
	"elements": [
		{
			"from": [7, 0, 6],
			"to": [10, 7, 11],
			"rotation": {"angle": 0, "axis": "y", "origin": [0, 0, 1]},
			"faces": {
				"north": {"uv": [0, 3.5, 1.5, 7], "texture": "#0"},
				"east": {"uv": [0, 0, 2.5, 3.5], "texture": "#0"},
				"south": {"uv": [1.5, 3.5, 3, 7], "texture": "#0"},
				"west": {"uv": [2.5, 0, 5, 3.5], "texture": "#0"},
				"up": {"uv": [4.5, 6, 3, 3.5], "texture": "#0"},
				"down": {"uv": [6, 3.5, 4.5, 6], "texture": "#0"}
			}
		},
		{
			"from": [7, 0, 2.6],
			"to": [11, 2, 4.6],
			"rotation": {"angle": -22.5, "axis": "y", "origin": [1, 0, -3.4]},
			"faces": {
				"north": {"uv": [5, 0, 7, 1], "texture": "#0"},
				"east": {"uv": [7, 2, 8, 3], "texture": "#0"},
				"south": {"uv": [5, 1, 7, 2], "texture": "#0"},
				"west": {"uv": [0, 8, 1, 9], "texture": "#0"},
				"up": {"uv": [7, 3, 5, 2], "texture": "#0"},
				"down": {"uv": [5, 6, 3, 7], "texture": "#0"}
			}
		},
		{
			"from": [1.6, 0, 13.4],
			"to": [5.6, 2, 15.4],
			"rotation": {"angle": 22.5, "axis": "y", "origin": [-4.4, 0, 7.4]},
			"faces": {
				"north": {"uv": [6, 3, 8, 4], "texture": "#0"},
				"east": {"uv": [1, 8, 2, 9], "texture": "#0"},
				"south": {"uv": [6, 4, 8, 5], "texture": "#0"},
				"west": {"uv": [2, 8, 3, 9], "texture": "#0"},
				"up": {"uv": [7, 7, 5, 6], "texture": "#0"},
				"down": {"uv": [8, 5, 6, 6], "texture": "#0"}
			}
		},
		{
			"from": [6.4, -0.1, 11],
			"to": [10.4, 1.9, 13],
			"rotation": {"angle": 22.5, "axis": "z", "origin": [0.4, -0.1, 5]},
			"faces": {
				"north": {"uv": [0, 7, 2, 8], "texture": "#0"},
				"east": {"uv": [8, 2, 9, 3], "texture": "#0"},
				"south": {"uv": [7, 0, 9, 1], "texture": "#0"},
				"west": {"uv": [3, 8, 4, 9], "texture": "#0"},
				"up": {"uv": [9, 2, 7, 1], "texture": "#0"},
				"down": {"uv": [4, 7, 2, 8], "texture": "#0"}
			}
		},
		{
			"from": [7.4, 4.2, 12.1],
			"to": [9.4, 8.2, 14.1],
			"rotation": {"angle": 45, "axis": "x", "origin": [7.4, 14.2, 6.1]},
			"faces": {
				"north": {"uv": [4, 7, 5, 9], "texture": "#0"},
				"east": {"uv": [5, 7, 6, 9], "texture": "#0"},
				"south": {"uv": [6, 7, 7, 9], "texture": "#0"},
				"west": {"uv": [7, 6, 8, 8], "texture": "#0"},
				"up": {"uv": [9, 4, 8, 3], "texture": "#0"},
				"down": {"uv": [9, 4, 8, 5], "texture": "#0"}
			}
		},
		{
			"name": "head",
			"from": [5, 6, 5],
			"to": [12, 13, 12],
			"rotation": {"angle": 0, "axis": "y", "origin": [0, 6, 0]},
			"faces": {
				"north": {"uv": [0, 0, 3.5, 3.5], "texture": "#1"},
				"east": {"uv": [0, 3.5, 3.5, 7], "texture": "#1"},
				"south": {"uv": [3.5, 0, 7, 3.5], "texture": "#1"},
				"west": {"uv": [3.5, 3.5, 7, 7], "texture": "#1"},
				"up": {"uv": [3.5, 10.5, 0, 7], "texture": "#1"},
				"down": {"uv": [10.5, 0, 7, 3.5], "texture": "#1"}
			}
		},
		{
			"from": [4.5, 4.6, 9],
			"to": [5.5, 5.3, 10],
			"rotation": {"angle": -22.5, "axis": "x", "origin": [3.5, 3.3, 8]},
			"faces": {
				"north": {"uv": [1, 6, 2, 7], "texture": "#2"},
				"east": {"uv": [2, 6, 3, 7], "texture": "#2"},
				"south": {"uv": [6, 2, 7, 3], "texture": "#2"},
				"west": {"uv": [3, 6, 4, 7], "texture": "#2"},
				"up": {"uv": [7, 4, 6, 3], "texture": "#2"},
				"down": {"uv": [5, 6, 4, 7], "texture": "#2"}
			}
		},
		{
			"from": [4.1, 2.8, 9.1],
			"to": [5.1, 4.8, 11.1],
			"rotation": {"angle": -22.5, "axis": "z", "origin": [3.1, 2.8, 9.1]},
			"faces": {
				"north": {"uv": [4, 4, 5, 6], "texture": "#2"},
				"east": {"uv": [0, 0, 2, 2], "texture": "#2"},
				"south": {"uv": [5, 4, 6, 6], "texture": "#2"},
				"west": {"uv": [0, 2, 2, 4], "texture": "#2"},
				"up": {"uv": [1, 8, 0, 6], "texture": "#2"},
				"down": {"uv": [7, 0, 6, 2], "texture": "#2"}
			}
		},
		{
			"from": [4, 3.5, 9.3],
			"to": [6, 5.5, 11.3],
			"rotation": {"angle": -22.5, "axis": "x", "origin": [4, 3.5, 9.3]},
			"faces": {
				"north": {"uv": [2, 0, 4, 2], "texture": "#2"},
				"east": {"uv": [2, 2, 4, 4], "texture": "#2"},
				"south": {"uv": [0, 4, 2, 6], "texture": "#2"},
				"west": {"uv": [4, 0, 6, 2], "texture": "#2"},
				"up": {"uv": [4, 6, 2, 4], "texture": "#2"},
				"down": {"uv": [6, 2, 4, 4], "texture": "#2"}
			}
		},
		{
			"from": [4.5, 5.6, 10.4],
			"to": [5.5, 6.3, 11.4],
			"rotation": {"angle": -22.5, "axis": "x", "origin": [3.5, 4.3, 10.4]},
			"faces": {
				"north": {"uv": [6, 4, 7, 5], "texture": "#2"},
				"east": {"uv": [5, 6, 6, 7], "texture": "#2"},
				"south": {"uv": [6, 5, 7, 6], "texture": "#2"},
				"west": {"uv": [6, 6, 7, 7], "texture": "#2"},
				"up": {"uv": [8, 1, 7, 0], "texture": "#2"},
				"down": {"uv": [2, 7, 1, 8], "texture": "#2"}
			}
		},
		{
			"from": [3.6, 2.6, 9.6],
			"to": [4.8, 3.4, 10.4],
			"rotation": {"angle": 22.5, "axis": "x", "origin": [4.8, 1.4, 8.6]},
			"faces": {
				"north": {"uv": [7, 1, 8, 2], "texture": "#2"},
				"east": {"uv": [2, 7, 3, 8], "texture": "#2"},
				"south": {"uv": [7, 2, 8, 3], "texture": "#2"},
				"west": {"uv": [3, 7, 4, 8], "texture": "#2"},
				"up": {"uv": [8, 4, 7, 3], "texture": "#2"},
				"down": {"uv": [5, 7, 4, 8], "texture": "#2"}
			}
		},
		{
			"from": [4.5, 2.8, 11.9],
			"to": [5.5, 4.3, 12.4],
			"rotation": {"angle": -22.5, "axis": "x", "origin": [3.5, 2.3, 11.4]},
			"faces": {
				"north": {"uv": [7, 4, 8, 5], "texture": "#2"},
				"east": {"uv": [5, 7, 6, 8], "texture": "#2"},
				"south": {"uv": [7, 5, 8, 6], "texture": "#2"},
				"west": {"uv": [6, 7, 7, 8], "texture": "#2"},
				"up": {"uv": [8, 7, 7, 6], "texture": "#2"},
				"down": {"uv": [8, 7, 7, 8], "texture": "#2"}
			}
		},
		{
			"from": [3.8, 3.1, 8.6],
			"to": [4.8, 4.6, 9.1],
			"rotation": {"angle": -22.5, "axis": "z", "origin": [2.8, 2.6, 8.1]},
			"faces": {
				"north": {"uv": [0, 8, 1, 9], "texture": "#2"},
				"east": {"uv": [8, 0, 9, 1], "texture": "#2"},
				"south": {"uv": [1, 8, 2, 9], "texture": "#2"},
				"west": {"uv": [8, 1, 9, 2], "texture": "#2"},
				"up": {"uv": [3, 9, 2, 8], "texture": "#2"},
				"down": {"uv": [9, 2, 8, 3], "texture": "#2"}
			}
		},
		{
			"from": [4, 2.2, 9],
			"to": [5.1, 3, 9.8],
			"rotation": {"angle": 22.5, "axis": "z", "origin": [5.2, 1, 7.8]},
			"faces": {
				"north": {"uv": [3, 8, 4, 9], "texture": "#2"},
				"east": {"uv": [8, 3, 9, 4], "texture": "#2"},
				"south": {"uv": [4, 8, 5, 9], "texture": "#2"},
				"west": {"uv": [8, 4, 9, 5], "texture": "#2"},
				"up": {"uv": [6, 9, 5, 8], "texture": "#2"},
				"down": {"uv": [9, 5, 8, 6], "texture": "#2"}
			}
		},
		{
			"name": "head",
			"from": [4.8, 10.1, 8],
			"to": [4.8, 14.1, 11],
			"rotation": {"angle": 0, "axis": "y", "origin": [-0.2, 6.1, 0]},
			"faces": {
				"north": {"uv": [0, 0, 0, 2], "texture": "#3"},
				"east": {"uv": [0, 6, 1.5, 8], "texture": "#3"},
				"south": {"uv": [0, 0, 0, 2], "texture": "#3"},
				"west": {"uv": [1.5, 6, 3, 8], "texture": "#3"},
				"up": {"uv": [0, 1.5, 0, 0], "texture": "#3"},
				"down": {"uv": [0, 0, 0, 1.5], "texture": "#3"}
			}
		},
		{
			"name": "head",
			"from": [4.8, 10.1, 6],
			"to": [4.8, 14.1, 7],
			"rotation": {"angle": 0, "axis": "y", "origin": [-0.2, 6.1, -4]},
			"faces": {
				"north": {"uv": [0, 0, 0, 2], "texture": "#3"},
				"east": {"uv": [7.5, 3, 8, 5], "texture": "#3"},
				"south": {"uv": [0, 0, 0, 2], "texture": "#3"},
				"west": {"uv": [7.5, 5, 8, 7], "texture": "#3"},
				"up": {"uv": [0, 0.5, 0, 0], "texture": "#3"},
				"down": {"uv": [0, 0, 0, 0.5], "texture": "#3"}
			}
		},
		{
			"name": "head",
			"from": [4.8, 5.1, 11],
			"to": [4.8, 13.1, 12],
			"rotation": {"angle": 0, "axis": "y", "origin": [-0.2, 6.1, -4]},
			"faces": {
				"north": {"uv": [0, 0, 0, 4], "texture": "#3"},
				"east": {"uv": [6, 6.5, 6.5, 10.5], "texture": "#3"},
				"south": {"uv": [0, 0, 0, 4], "texture": "#3"},
				"west": {"uv": [6.5, 6.5, 7, 10.5], "texture": "#3"},
				"up": {"uv": [0, 0.5, 0, 0], "texture": "#3"},
				"down": {"uv": [0, 0, 0, 0.5], "texture": "#3"}
			}
		},
		{
			"name": "head",
			"from": [10.8, 7.2, 3.5],
			"to": [10.8, 8.2, 4.5],
			"rotation": {"angle": 0, "axis": "y", "origin": [5.8, 6.2, -12.5]},
			"faces": {
				"north": {"uv": [0, 0, 0, 0.5], "texture": "#3"},
				"east": {"uv": [8, 0, 8.5, 0.5], "texture": "#3"},
				"south": {"uv": [0, 0, 0, 0.5], "texture": "#3"},
				"west": {"uv": [0.5, 8, 1, 8.5], "texture": "#3"},
				"up": {"uv": [0, 0.5, 0, 0], "texture": "#3"},
				"down": {"uv": [0, 0, 0, 0.5], "texture": "#3"}
			}
		},
		{
			"name": "head",
			"from": [4.8, 3.1, 5],
			"to": [4.8, 13.1, 6],
			"rotation": {"angle": 0, "axis": "y", "origin": [-0.2, 6.1, -4]},
			"faces": {
				"north": {"uv": [0, 0, 0, 5], "texture": "#3"},
				"east": {"uv": [3, 6, 3.5, 11], "texture": "#3"},
				"south": {"uv": [0, 0, 0, 5], "texture": "#3"},
				"west": {"uv": [3.5, 6, 4, 11], "texture": "#3"},
				"up": {"uv": [0, 0.5, 0, 0], "texture": "#3"},
				"down": {"uv": [0, 0, 0, 0.5], "texture": "#3"}
			}
		},
		{
			"name": "head",
			"from": [10.8, 8.2, 4],
			"to": [10.8, 9.2, 5],
			"rotation": {"angle": 0, "axis": "y", "origin": [5.8, 6.2, -12]},
			"faces": {
				"north": {"uv": [0, 0, 0, 0.5], "texture": "#3"},
				"east": {"uv": [8, 0.5, 8.5, 1], "texture": "#3"},
				"south": {"uv": [0, 0, 0, 0.5], "texture": "#3"},
				"west": {"uv": [1, 8, 1.5, 8.5], "texture": "#3"},
				"up": {"uv": [0, 0.5, 0, 0], "texture": "#3"},
				"down": {"uv": [0, 0, 0, 0.5], "texture": "#3"}
			}
		},
		{
			"name": "head",
			"from": [12.3, 1.4, 5],
			"to": [12.3, 13.4, 9],
			"rotation": {"angle": 0, "axis": "y", "origin": [7.3, 5.4, 0]},
			"faces": {
				"north": {"uv": [0, 0, 0, 6], "texture": "#3"},
				"east": {"uv": [0, 0, 2, 6], "texture": "#3"},
				"south": {"uv": [0, 0, 0, 6], "texture": "#3"},
				"west": {"uv": [2, 0, 4, 6], "texture": "#3"},
				"up": {"uv": [0, 2, 0, 0], "texture": "#3"},
				"down": {"uv": [0, 0, 0, 2], "texture": "#3"}
			}
		},
		{
			"name": "head",
			"from": [4.8, 6.1, 12],
			"to": [4.8, 12.1, 13],
			"rotation": {"angle": 0, "axis": "y", "origin": [-0.2, 6.1, -3]},
			"faces": {
				"north": {"uv": [0, 0, 0, 3], "texture": "#3"},
				"east": {"uv": [7, 7, 7.5, 10], "texture": "#3"},
				"south": {"uv": [0, 0, 0, 3], "texture": "#3"},
				"west": {"uv": [7.5, 0, 8, 3], "texture": "#3"},
				"up": {"uv": [0, 0.5, 0, 0], "texture": "#3"},
				"down": {"uv": [0, 0, 0, 0.5], "texture": "#3"}
			}
		},
		{
			"name": "head",
			"from": [4.8, 5.1, 4],
			"to": [4.8, 12.1, 5],
			"rotation": {"angle": 0, "axis": "y", "origin": [-0.2, 6.1, -11]},
			"faces": {
				"north": {"uv": [0, 0, 0, 3.5], "texture": "#3"},
				"east": {"uv": [7, 0, 7.5, 3.5], "texture": "#3"},
				"south": {"uv": [0, 0, 0, 3.5], "texture": "#3"},
				"west": {"uv": [7, 3.5, 7.5, 7], "texture": "#3"},
				"up": {"uv": [0, 0.5, 0, 0], "texture": "#3"},
				"down": {"uv": [0, 0, 0, 0.5], "texture": "#3"}
			}
		},
		{
			"name": "head",
			"from": [4.8, 11.1, 7],
			"to": [4.8, 14.1, 8],
			"rotation": {"angle": 0, "axis": "y", "origin": [-0.2, 6.1, 0]},
			"faces": {
				"north": {"uv": [0, 0, 0, 1.5], "texture": "#3"},
				"east": {"uv": [7.5, 7, 8, 8.5], "texture": "#3"},
				"south": {"uv": [0, 0, 0, 1.5], "texture": "#3"},
				"west": {"uv": [0, 8, 0.5, 9.5], "texture": "#3"},
				"up": {"uv": [0, 0.5, 0, 0], "texture": "#3"},
				"down": {"uv": [0, 0, 0, 0.5], "texture": "#3"}
			}
		},
		{
			"name": "head",
			"from": [12.3, 2.4, 4],
			"to": [12.3, 12.4, 5],
			"rotation": {"angle": 0, "axis": "y", "origin": [7.3, 5.4, -7]},
			"faces": {
				"north": {"uv": [0, 0, 0, 5], "texture": "#3"},
				"east": {"uv": [4, 6.5, 4.5, 11.5], "texture": "#3"},
				"south": {"uv": [0, 0, 0, 5], "texture": "#3"},
				"west": {"uv": [4.5, 6.5, 5, 11.5], "texture": "#3"},
				"up": {"uv": [0, 0.5, 0, 0], "texture": "#3"},
				"down": {"uv": [0, 0, 0, 0.5], "texture": "#3"}
			}
		},
		{
			"name": "head",
			"from": [12.3, 2.4, 12],
			"to": [12.3, 12.4, 13],
			"rotation": {"angle": 0, "axis": "y", "origin": [7.3, 5.4, 1]},
			"faces": {
				"north": {"uv": [0, 0, 0, 5], "texture": "#3"},
				"east": {"uv": [5, 6.5, 5.5, 11.5], "texture": "#3"},
				"south": {"uv": [0, 0, 0, 5], "texture": "#3"},
				"west": {"uv": [5.5, 6.5, 6, 11.5], "texture": "#3"},
				"up": {"uv": [0, 0.5, 0, 0], "texture": "#3"},
				"down": {"uv": [0, 0, 0, 0.5], "texture": "#3"}
			}
		},
		{
			"name": "head",
			"from": [12.3, 0.4, 9],
			"to": [12.3, 13.4, 12],
			"rotation": {"angle": 0, "axis": "y", "origin": [7.3, 5.4, 0]},
			"faces": {
				"north": {"uv": [0, 0, 0, 6.5], "texture": "#3"},
				"east": {"uv": [4, 0, 5.5, 6.5], "texture": "#3"},
				"south": {"uv": [0, 0, 0, 6.5], "texture": "#3"},
				"west": {"uv": [5.5, 0, 7, 6.5], "texture": "#3"},
				"up": {"uv": [0, 1.5, 0, 0], "texture": "#3"},
				"down": {"uv": [0, 0, 0, 1.5], "texture": "#3"}
			}
		},
		{
			"from": [5.7, -0.1, 5.1],
			"to": [8.2, 2.1, 5.1],
			"rotation": {"angle": -22.5, "axis": "y", "origin": [6, 0, 5.2]},
			"faces": {
				"north": {"uv": [0, 6, 2, 8], "texture": "#4"},
				"east": {"uv": [0, 0, 0, 2], "texture": "#4"},
				"south": {"uv": [6, 0, 8, 2], "texture": "#4"},
				"west": {"uv": [0, 0, 0, 2], "texture": "#4"},
				"up": {"uv": [2, 0, 0, 0], "texture": "#4"},
				"down": {"uv": [2, 0, 0, 0], "texture": "#4"}
			}
		},
		{
			"from": [5.8, -0.1, 11.8],
			"to": [8.2, 2.1, 11.8],
			"rotation": {"angle": 22.5, "axis": "y", "origin": [6, 0, 11.8]},
			"faces": {
				"north": {"uv": [2, 6, 4, 8], "texture": "#4"},
				"east": {"uv": [0, 0, 0, 2], "texture": "#4"},
				"south": {"uv": [6, 2, 8, 4], "texture": "#4"},
				"west": {"uv": [0, 0, 0, 2], "texture": "#4"},
				"up": {"uv": [2, 0, 0, 0], "texture": "#4"},
				"down": {"uv": [2, 0, 0, 0], "texture": "#4"}
			}
		},
		{
			"from": [5, 2, 6.9],
			"to": [8, 2, 10],
			"rotation": {"angle": 0, "axis": "y", "origin": [6, 2, 7]},
			"faces": {
				"north": {"uv": [0, 0, 3, 0], "texture": "#4"},
				"east": {"uv": [0, 0, 3, 0], "texture": "#4"},
				"south": {"uv": [0, 0, 3, 0], "texture": "#4"},
				"west": {"uv": [0, 0, 3, 0], "texture": "#4"},
				"up": {"uv": [3, 3, 0, 0], "texture": "#4"},
				"down": {"uv": [3, 3, 0, 6], "texture": "#4"}
			}
		},
		{
			"from": [5, -0.1, 6.9],
			"to": [8, -0.1, 10.1],
			"rotation": {"angle": 0, "axis": "y", "origin": [6, -0.1, 7]},
			"faces": {
				"north": {"uv": [0, 0, 3, 0], "texture": "#4"},
				"east": {"uv": [0, 0, 3, 0], "texture": "#4"},
				"south": {"uv": [0, 0, 3, 0], "texture": "#4"},
				"west": {"uv": [0, 0, 3, 0], "texture": "#4"},
				"up": {"uv": [6, 3, 3, 0], "texture": "#4"},
				"down": {"uv": [6, 3, 3, 6], "texture": "#4"}
			}
		},
		{
			"from": [8.6, 2.1, 2.5],
			"to": [11, 2.1, 4.6],
			"rotation": {"angle": -22.5, "axis": "y", "origin": [1, 0.1, -3.4]},
			"faces": {
				"north": {"uv": [0, 0, 2, 0], "texture": "#4"},
				"east": {"uv": [0, 0, 2, 0], "texture": "#4"},
				"south": {"uv": [0, 0, 2, 0], "texture": "#4"},
				"west": {"uv": [0, 0, 2, 0], "texture": "#4"},
				"up": {"uv": [6, 8, 4, 6], "texture": "#4"},
				"down": {"uv": [8, 4, 6, 6], "texture": "#4"}
			}
		},
		{
			"from": [8.6, -0.1, 2.5],
			"to": [11.1, -0.1, 4.6],
			"rotation": {"angle": -22.5, "axis": "y", "origin": [1, -2.1, -3.4]},
			"faces": {
				"north": {"uv": [0, 0, 2, 0], "texture": "#4"},
				"east": {"uv": [0, 0, 2, 0], "texture": "#4"},
				"south": {"uv": [0, 0, 2, 0], "texture": "#4"},
				"west": {"uv": [0, 0, 2, 0], "texture": "#4"},
				"up": {"uv": [6, 8, 4, 6], "texture": "#4"},
				"down": {"uv": [8, 4, 6, 6], "texture": "#4"}
			}
		},
		{
			"from": [3.3, -0.1, 13.4],
			"to": [5.7, -0.1, 15.4],
			"rotation": {"angle": 22.5, "axis": "y", "origin": [-4.3, -2.1, 7.5]},
			"faces": {
				"north": {"uv": [0, 0, 2, 0], "texture": "#4"},
				"east": {"uv": [0, 0, 2, 0], "texture": "#4"},
				"south": {"uv": [0, 0, 2, 0], "texture": "#4"},
				"west": {"uv": [0, 0, 2, 0], "texture": "#4"},
				"up": {"uv": [6, 8, 4, 6], "texture": "#4"},
				"down": {"uv": [8, 4, 6, 6], "texture": "#4"}
			}
		},
		{
			"from": [3.3, 2.1, 13.4],
			"to": [5.6, 2.1, 15.7],
			"rotation": {"angle": 22.5, "axis": "y", "origin": [-4.9, 0.1, 7.5]},
			"faces": {
				"north": {"uv": [0, 0, 2, 0], "texture": "#4"},
				"east": {"uv": [0, 0, 2, 0], "texture": "#4"},
				"south": {"uv": [0, 0, 2, 0], "texture": "#4"},
				"west": {"uv": [0, 0, 2, 0], "texture": "#4"},
				"up": {"uv": [6, 8, 4, 6], "texture": "#4"},
				"down": {"uv": [8, 4, 6, 6], "texture": "#4"}
			}
		},
		{
			"name": "o",
			"from": [4.9, 6.6, 8.1],
			"to": [4.9, 7.1, 8.9],
			"rotation": {"angle": 0, "axis": "y", "origin": [4.9, 5.1, 7.1]},
			"faces": {
				"north": {"uv": [0, 0, 0, 1], "texture": "#5"},
				"east": {"uv": [0, 0, 1, 1], "texture": "#5"},
				"south": {"uv": [0, 0, 0, 1], "texture": "#5"},
				"west": {"uv": [0, 1, 1, 2], "texture": "#5"},
				"up": {"uv": [0, 1, 0, 0], "texture": "#5"},
				"down": {"uv": [0, 0, 0, 1], "texture": "#5"}
			}
		},
		{
			"name": "tag",
			"from": [10, 0, 9],
			"to": [11, 0, 11],
			"rotation": {"angle": 0, "axis": "y", "origin": [9, 0, 9]},
			"faces": {
				"north": {"uv": [0, 0, 1, 0], "texture": "#6"},
				"east": {"uv": [0, 0, 2, 0], "texture": "#6"},
				"south": {"uv": [0, 0, 1, 0], "texture": "#6"},
				"west": {"uv": [0, 0, 2, 0], "texture": "#6"},
				"up": {"uv": [1, 2, 0, 0], "texture": "#6"},
				"down": {"uv": [2, 0, 1, 2], "texture": "#6"}
			}
		}
	],
	"display": {
		"thirdperson_righthand": {
			"rotation": [1.5, 58, 3.5],
			"translation": [0, 6, -1],
			"scale": [0.8, 0.8, 0.8]
		},
		"thirdperson_lefthand": {
			"rotation": [-165, -82, -180],
			"translation": [0.25, 5.75, 0.5],
			"scale": [0.8, 0.8, 0.8]
		},
		"firstperson_righthand": {
			"rotation": [-2, 61, 0],
			"translation": [5.25, 4, -5.25]
		},
		"firstperson_lefthand": {
			"rotation": [0, -132, 0],
			"translation": [5.25, 4, -3.5]
		},
		"ground": {
			"rotation": [3.9, 16.11, -84.41]
		},
		"gui": {
			"rotation": [0, 63.5, 0]
		},
		"head": {
			"rotation": [-180, -90, 180],
			"translation": [0, 15.3, 0]
		},
		"fixed": {
			"rotation": [0, -90, 90],
			"translation": [0, 4.25, -24],
			"scale": [3, 3, 3]
		}
	},
	"groups": [
		{
			"name": "body",
			"origin": [0, 0, 1],
			"color": 0,
			"children": [0, 1, 2, 3, 4]
		},
		5,
		{
			"name": "panda",
			"origin": [0, 0, 0],
			"color": 0,
			"children": [6, 7, 8, 9, 10, 11, 12, 13]
		},
		{
			"name": "hair",
			"origin": [8, 8, 8],
			"color": 0,
			"children": [14, 15, 16, 17, 18, 19, 20, 21, 22, 23, 24, 25, 26]
		},
		{
			"name": "w",
			"origin": [8, 8, 8],
			"color": 0,
			"children": [27, 28, 29, 30, 31, 32, 33, 34]
		},
		35,
		36
	]
}