{
	"credit": "Made with Blockbench",
	"textures": {
		"0": "item/mya_doll_texture_one",
		"1": "item/mya_doll_texture_two",
		"2": "item/mya_doll_texture_three",
		"3": "item/mya_doll_texture_four",
		"4": "item/mya_doll_texture_five",
		"5": "item/mya_doll_texture_six",
		"6": "item/mya_doll_texture_seven",
		"particle": "item/mya_doll_texture_one"
	},
	"elements": [
		{
			"from": [6, 0, 5],
			"to": [10, 7, 11],
			"rotation": {"angle": 0, "axis": "y", "origin": [7, 0, 7]},
			"faces": {
				"north": {"uv": [0, 3.5, 2, 7], "texture": "#2"},
				"east": {"uv": [0, 0, 3, 3.5], "texture": "#2"},
				"south": {"uv": [2, 3.5, 4, 7], "texture": "#2"},
				"west": {"uv": [3, 0, 6, 3.5], "texture": "#2"},
				"up": {"uv": [6, 6.5, 4, 3.5], "texture": "#2"},
				"down": {"uv": [8, 0, 6, 3], "texture": "#2"}
			}
		},
		{
			"from": [6, 4, 11],
			"to": [11, 6, 13],
			"rotation": {"angle": 22.5, "axis": "z", "origin": [7, -1, 13]},
			"faces": {
				"north": {"uv": [6, 3, 8.5, 4], "texture": "#2"},
				"east": {"uv": [8.5, 4.5, 9.5, 5.5], "texture": "#2"},
				"south": {"uv": [6, 4, 8.5, 5], "texture": "#2"},
				"west": {"uv": [8.5, 5.5, 9.5, 6.5], "texture": "#2"},
				"up": {"uv": [8.5, 6, 6, 5], "texture": "#2"},
				"down": {"uv": [8.5, 6, 6, 7], "texture": "#2"}
			}
		},
		{
			"from": [6, 4, 3],
			"to": [11, 6, 5],
			"rotation": {"angle": 22.5, "axis": "z", "origin": [7, -1, 5]},
			"faces": {
				"north": {"uv": [0, 7, 2.5, 8], "texture": "#2"},
				"east": {"uv": [7.5, 8.5, 8.5, 9.5], "texture": "#2"},
				"south": {"uv": [2.5, 7, 5, 8], "texture": "#2"},
				"west": {"uv": [8.5, 8.5, 9.5, 9.5], "texture": "#2"},
				"up": {"uv": [7.5, 8, 5, 7], "texture": "#2"},
				"down": {"uv": [10, 7, 7.5, 8], "texture": "#2"}
			}
		},
		{
			"from": [3, 0, 9],
			"to": [6, 2, 11],
			"rotation": {"angle": 0, "axis": "y", "origin": [2, -5, 11]},
			"faces": {
				"north": {"uv": [0, 8, 1.5, 9], "texture": "#2"},
				"east": {"uv": [0, 9, 1, 10], "texture": "#2"},
				"south": {"uv": [8, 0, 9.5, 1], "texture": "#2"},
				"west": {"uv": [1, 9, 2, 10], "texture": "#2"},
				"up": {"uv": [9.5, 2, 8, 1], "texture": "#2"},
				"down": {"uv": [3, 8, 1.5, 9], "texture": "#2"}
			}
		},
		{
			"from": [3, 0, 5],
			"to": [6, 2, 7],
			"rotation": {"angle": 0, "axis": "y", "origin": [2, -5, 7]},
			"faces": {
				"north": {"uv": [8, 2, 9.5, 3], "texture": "#2"},
				"east": {"uv": [2, 9, 3, 10], "texture": "#2"},
				"south": {"uv": [3, 8, 4.5, 9], "texture": "#2"},
				"west": {"uv": [3, 9, 4, 10], "texture": "#2"},
				"up": {"uv": [6, 9, 4.5, 8], "texture": "#2"},
				"down": {"uv": [7.5, 8, 6, 9], "texture": "#2"}
			}
		},
		{
			"from": [10, 2, 5],
			"to": [10.1, 3, 11],
			"rotation": {"angle": 0, "axis": "y", "origin": [10, 1, 4]},
			"faces": {
				"north": {"uv": [11.5, 4, 11.75, 4.5], "texture": "#2"},
				"east": {"uv": [7.5, 8, 10.5, 8.5], "texture": "#2"},
				"south": {"uv": [5.5, 11.5, 5.75, 12], "texture": "#2"},
				"west": {"uv": [8.5, 3, 11.5, 3.5], "texture": "#2"},
				"up": {"uv": [6.25, 12, 6, 9], "texture": "#2"},
				"down": {"uv": [6.75, 9, 6.5, 12], "texture": "#2"}
			}
		},
		{
			"from": [5.9, 2, 5],
			"to": [6, 3, 11],
			"rotation": {"angle": 0, "axis": "y", "origin": [6, 1, 4]},
			"faces": {
				"north": {"uv": [11.5, 7, 11.75, 7.5], "texture": "#2"},
				"east": {"uv": [8.5, 3.5, 11.5, 4], "texture": "#2"},
				"south": {"uv": [7.5, 11.5, 7.75, 12], "texture": "#2"},
				"west": {"uv": [8.5, 4, 11.5, 4.5], "texture": "#2"},
				"up": {"uv": [7.25, 12, 7, 9], "texture": "#2"},
				"down": {"uv": [4.25, 9.5, 4, 12.5], "texture": "#2"}
			}
		},
		{
			"from": [6, 2, 11],
			"to": [10, 3, 11.1],
			"rotation": {"angle": 0, "axis": "y", "origin": [11, 1, 11]},
			"faces": {
				"north": {"uv": [4, 6.5, 6, 7], "texture": "#2"},
				"east": {"uv": [11.5, 7.5, 11.75, 8], "texture": "#2"},
				"south": {"uv": [8.5, 6.5, 10.5, 7], "texture": "#2"},
				"west": {"uv": [8, 11.5, 8.25, 12], "texture": "#2"},
				"up": {"uv": [11.5, 0.75, 9.5, 0.5], "texture": "#2"},
				"down": {"uv": [11.5, 1, 9.5, 1.25], "texture": "#2"}
			}
		},
		{
			"from": [6, 2, 4.9],
			"to": [10, 3, 5.1],
			"rotation": {"angle": 0, "axis": "y", "origin": [11, 1, 4]},
			"faces": {
				"north": {"uv": [4, 9, 6, 9.5], "texture": "#2"},
				"east": {"uv": [8.5, 11.5, 8.75, 12], "texture": "#2"},
				"south": {"uv": [9.5, 0, 11.5, 0.5], "texture": "#2"},
				"west": {"uv": [11.5, 8.5, 11.75, 9], "texture": "#2"},
				"up": {"uv": [11.5, 1.75, 9.5, 1.5], "texture": "#2"},
				"down": {"uv": [11.5, 2, 9.5, 2.25], "texture": "#2"}
			}
		},
		{
			"from": [4, 0, 11],
			"to": [5, 2, 11.1],
			"rotation": {"angle": 0, "axis": "y", "origin": [3, 2, 18.1]},
			"faces": {
				"north": {"uv": [4.5, 9.5, 5, 10.5], "texture": "#2"},
				"east": {"uv": [7.5, 10.5, 7.75, 11.5], "texture": "#2"},
				"south": {"uv": [9.5, 4.5, 10, 5.5], "texture": "#2"},
				"west": {"uv": [10.5, 7.5, 10.75, 8.5], "texture": "#2"},
				"up": {"uv": [12, 9.25, 11.5, 9], "texture": "#2"},
				"down": {"uv": [10, 11.5, 9.5, 11.75], "texture": "#2"}
			}
		},
		{
			"from": [4, 2, 5],
			"to": [5, 2.1, 7],
			"rotation": {"angle": 0, "axis": "y", "origin": [3, -5, 7]},
			"faces": {
				"north": {"uv": [11.5, 9.5, 12, 9.75], "texture": "#2"},
				"east": {"uv": [9.5, 2.5, 10.5, 2.75], "texture": "#2"},
				"south": {"uv": [10, 11.5, 10.5, 11.75], "texture": "#2"},
				"west": {"uv": [10.5, 2.5, 11.5, 2.75], "texture": "#2"},
				"up": {"uv": [5.5, 10.5, 5, 9.5], "texture": "#2"},
				"down": {"uv": [6, 9.5, 5.5, 10.5], "texture": "#2"}
			}
		},
		{
			"from": [4, 0, 7],
			"to": [5, 2, 7.1],
			"rotation": {"angle": 0, "axis": "y", "origin": [3, 2, 14.1]},
			"faces": {
				"north": {"uv": [9.5, 5.5, 10, 6.5], "texture": "#2"},
				"east": {"uv": [8, 10.5, 8.25, 11.5], "texture": "#2"},
				"south": {"uv": [7.5, 9.5, 8, 10.5], "texture": "#2"},
				"west": {"uv": [8.5, 10.5, 8.75, 11.5], "texture": "#2"},
				"up": {"uv": [11, 11.75, 10.5, 11.5], "texture": "#2"},
				"down": {"uv": [12, 10.5, 11.5, 10.75], "texture": "#2"}
			}
		},
		{
			"from": [4, 2, 9],
			"to": [5, 2.1, 11],
			"rotation": {"angle": 0, "axis": "y", "origin": [3, -5, 11]},
			"faces": {
				"north": {"uv": [11, 11.5, 11.5, 11.75], "texture": "#2"},
				"east": {"uv": [10.5, 8.5, 11.5, 8.75], "texture": "#2"},
				"south": {"uv": [11.5, 11, 12, 11.25], "texture": "#2"},
				"west": {"uv": [9, 10.5, 10, 10.75], "texture": "#2"},
				"up": {"uv": [8.5, 10.5, 8, 9.5], "texture": "#2"},
				"down": {"uv": [9, 9.5, 8.5, 10.5], "texture": "#2"}
			}
		},
		{
			"from": [4, 0, 8.9],
			"to": [5, 2, 9],
			"rotation": {"angle": 0, "axis": "y", "origin": [3, 2, 16]},
			"faces": {
				"north": {"uv": [9.5, 8.5, 10, 9.5], "texture": "#2"},
				"east": {"uv": [10.5, 9, 10.75, 10], "texture": "#2"},
				"south": {"uv": [9, 9.5, 9.5, 10.5], "texture": "#2"},
				"west": {"uv": [10, 10.5, 10.25, 11.5], "texture": "#2"},
				"up": {"uv": [12, 11.75, 11.5, 11.5], "texture": "#2"},
				"down": {"uv": [0.5, 12, 0, 12.25], "texture": "#2"}
			}
		},
		{
			"from": [4, 0, 4.9],
			"to": [5, 2, 5],
			"rotation": {"angle": 0, "axis": "y", "origin": [3, 2, 12]},
			"faces": {
				"north": {"uv": [9.5, 9.5, 10, 10.5], "texture": "#2"},
				"east": {"uv": [10.5, 10, 10.75, 11], "texture": "#2"},
				"south": {"uv": [0, 10, 0.5, 11], "texture": "#2"},
				"west": {"uv": [0, 11, 0.25, 12], "texture": "#2"},
				"up": {"uv": [12.5, 0.25, 12, 0], "texture": "#2"},
				"down": {"uv": [1, 12, 0.5, 12.25], "texture": "#2"}
			}
		},
		{
			"from": [5.1, 3.4, 13],
			"to": [6.1, 5.4, 13.1],
			"rotation": {"angle": 22.5, "axis": "z", "origin": [4.1, 5.4, 20.1]},
			"faces": {
				"north": {"uv": [0.5, 10, 1, 11], "texture": "#2"},
				"east": {"uv": [0.5, 11, 0.75, 12], "texture": "#2"},
				"south": {"uv": [1, 10, 1.5, 11], "texture": "#2"},
				"west": {"uv": [1, 11, 1.25, 12], "texture": "#2"},
				"up": {"uv": [12.5, 0.75, 12, 0.5], "texture": "#2"},
				"down": {"uv": [1.5, 12, 1, 12.25], "texture": "#2"}
			}
		},
		{
			"from": [5.1, 3.4, 10.9],
			"to": [6.1, 5.4, 11],
			"rotation": {"angle": 22.5, "axis": "z", "origin": [4.1, 5.4, 18]},
			"faces": {
				"north": {"uv": [1.5, 10, 2, 11], "texture": "#2"},
				"east": {"uv": [1.5, 11, 1.75, 12], "texture": "#2"},
				"south": {"uv": [2, 10, 2.5, 11], "texture": "#2"},
				"west": {"uv": [2, 11, 2.25, 12], "texture": "#2"},
				"up": {"uv": [12.5, 1.25, 12, 1], "texture": "#2"},
				"down": {"uv": [2, 12, 1.5, 12.25], "texture": "#2"}
			}
		},
		{
			"from": [7.8, 5.9, 11],
			"to": [8.8, 6, 13],
			"rotation": {"angle": 22.5, "axis": "z", "origin": [6.8, -1.1, 13]},
			"faces": {
				"north": {"uv": [12, 1.5, 12.5, 1.75], "texture": "#2"},
				"east": {"uv": [2.5, 11, 3.5, 11.25], "texture": "#2"},
				"south": {"uv": [2, 12, 2.5, 12.25], "texture": "#2"},
				"west": {"uv": [11, 4.5, 12, 4.75], "texture": "#2"},
				"up": {"uv": [3, 11, 2.5, 10], "texture": "#2"},
				"down": {"uv": [3.5, 10, 3, 11], "texture": "#2"}
			}
		},
		{
			"from": [8.6, 4, 11],
			"to": [9.6, 4.1, 13],
			"rotation": {"angle": 22.5, "axis": "z", "origin": [7.6, -3, 13]},
			"faces": {
				"north": {"uv": [12, 2, 12.5, 2.25], "texture": "#2"},
				"east": {"uv": [11, 5, 12, 5.25], "texture": "#2"},
				"south": {"uv": [2.5, 12, 3, 12.25], "texture": "#2"},
				"west": {"uv": [11, 5.5, 12, 5.75], "texture": "#2"},
				"up": {"uv": [4, 11, 3.5, 10], "texture": "#2"},
				"down": {"uv": [10.5, 4.5, 10, 5.5], "texture": "#2"}
			}
		},
		{
			"from": [8.6, 4, 3],
			"to": [9.6, 4.1, 5],
			"rotation": {"angle": 22.5, "axis": "z", "origin": [7.6, -3, 5]},
			"faces": {
				"north": {"uv": [12, 2.5, 12.5, 2.75], "texture": "#2"},
				"east": {"uv": [11, 6, 12, 6.25], "texture": "#2"},
				"south": {"uv": [3, 12, 3.5, 12.25], "texture": "#2"},
				"west": {"uv": [11, 6.5, 12, 6.75], "texture": "#2"},
				"up": {"uv": [10.5, 6.5, 10, 5.5], "texture": "#2"},
				"down": {"uv": [10.5, 7, 10, 8], "texture": "#2"}
			}
		},
		{
			"from": [5.1, 3.4, 5],
			"to": [6.1, 5.4, 5.1],
			"rotation": {"angle": 22.5, "axis": "z", "origin": [4.1, 5.4, 12.1]},
			"faces": {
				"north": {"uv": [10, 8.5, 10.5, 9.5], "texture": "#2"},
				"east": {"uv": [3.5, 11, 3.75, 12], "texture": "#2"},
				"south": {"uv": [10, 9.5, 10.5, 10.5], "texture": "#2"},
				"west": {"uv": [11, 7, 11.25, 8], "texture": "#2"},
				"up": {"uv": [4, 12.25, 3.5, 12], "texture": "#2"},
				"down": {"uv": [12.5, 4, 12, 4.25], "texture": "#2"}
			}
		},
		{
			"from": [5.1, 3.4, 2.9],
			"to": [6.1, 5.4, 3],
			"rotation": {"angle": 22.5, "axis": "z", "origin": [4.1, 5.4, 10]},
			"faces": {
				"north": {"uv": [4.5, 10.5, 5, 11.5], "texture": "#2"},
				"east": {"uv": [9, 11, 9.25, 12], "texture": "#2"},
				"south": {"uv": [10.5, 4.5, 11, 5.5], "texture": "#2"},
				"west": {"uv": [11, 9, 11.25, 10], "texture": "#2"},
				"up": {"uv": [12.5, 4.75, 12, 4.5], "texture": "#2"},
				"down": {"uv": [12.5, 5, 12, 5.25], "texture": "#2"}
			}
		},
		{
			"from": [7.8, 5.9, 3],
			"to": [8.8, 6, 5],
			"rotation": {"angle": 22.5, "axis": "z", "origin": [6.8, -1.1, 5]},
			"faces": {
				"north": {"uv": [5.5, 12, 6, 12.25], "texture": "#2"},
				"east": {"uv": [11, 8, 12, 8.25], "texture": "#2"},
				"south": {"uv": [12, 5.5, 12.5, 5.75], "texture": "#2"},
				"west": {"uv": [11, 10, 12, 10.25], "texture": "#2"},
				"up": {"uv": [5.5, 11.5, 5, 10.5], "texture": "#2"},
				"down": {"uv": [6, 10.5, 5.5, 11.5], "texture": "#2"}
			}
		},
		{
			"from": [5.9, 3.7, 7.7],
			"to": [5.9, 4.2, 8.3],
			"rotation": {"angle": 0, "axis": "y", "origin": [3.9, 2.7, 7.7]},
			"faces": {
				"north": {"uv": [0, 0, 0, 0.25], "texture": "#2"},
				"east": {"uv": [6.5, 12, 6.75, 12.25], "texture": "#2"},
				"south": {"uv": [0, 0, 0, 0.25], "texture": "#2"},
				"west": {"uv": [12, 6.5, 12.25, 6.75], "texture": "#2"},
				"up": {"uv": [0, 0.25, 0, 0], "texture": "#2"},
				"down": {"uv": [0, 0, 0, 0.25], "texture": "#2"}
			}
		},
		{
			"from": [5.9, 4.7, 7.7],
			"to": [5.9, 5.2, 8.3],
			"rotation": {"angle": 0, "axis": "y", "origin": [3.9, 3.7, 7.7]},
			"faces": {
				"north": {"uv": [0, 0, 0, 0.25], "texture": "#2"},
				"east": {"uv": [7, 12, 7.25, 12.25], "texture": "#2"},
				"south": {"uv": [0, 0, 0, 0.25], "texture": "#2"},
				"west": {"uv": [12, 7, 12.25, 7.25], "texture": "#2"},
				"up": {"uv": [0, 0.25, 0, 0], "texture": "#2"},
				"down": {"uv": [0, 0, 0, 0.25], "texture": "#2"}
			}
		},
		{
			"from": [5.9, 5.5, 7.3],
			"to": [5.9, 6, 8.7],
			"rotation": {"angle": 0, "axis": "y", "origin": [3.9, 4.5, 7.7]},
			"faces": {
				"north": {"uv": [0, 0, 0, 0.25], "texture": "#2"},
				"east": {"uv": [11.5, 3, 12.25, 3.25], "texture": "#2"},
				"south": {"uv": [0, 0, 0, 0.25], "texture": "#2"},
				"west": {"uv": [11.5, 3.5, 12.25, 3.75], "texture": "#2"},
				"up": {"uv": [0, 0.75, 0, 0], "texture": "#2"},
				"down": {"uv": [0, 0, 0, 0.75], "texture": "#2"}
			}
		},
		{
			"from": [5.8, 6, 7.1],
			"to": [5.9, 6.2, 7.7],
			"rotation": {"angle": 0, "axis": "y", "origin": [3.9, 4.5, 7.1]},
			"faces": {
				"north": {"uv": [7.5, 12, 7.75, 12.25], "texture": "#2"},
				"east": {"uv": [12, 7.5, 12.25, 7.75], "texture": "#2"},
				"south": {"uv": [8, 12, 8.25, 12.25], "texture": "#2"},
				"west": {"uv": [12, 8, 12.25, 8.25], "texture": "#2"},
				"up": {"uv": [8.75, 12.25, 8.5, 12], "texture": "#2"},
				"down": {"uv": [12.25, 8.5, 12, 8.75], "texture": "#2"}
			}
		},
		{
			"from": [5.8, 6, 8.3],
			"to": [5.9, 6.2, 8.9],
			"rotation": {"angle": 0, "axis": "y", "origin": [3.9, 4.5, 8.3]},
			"faces": {
				"north": {"uv": [9, 12, 9.25, 12.25], "texture": "#2"},
				"east": {"uv": [12, 9, 12.25, 9.25], "texture": "#2"},
				"south": {"uv": [9.5, 12, 9.75, 12.25], "texture": "#2"},
				"west": {"uv": [12, 9.5, 12.25, 9.75], "texture": "#2"},
				"up": {"uv": [10.25, 12.25, 10, 12], "texture": "#2"},
				"down": {"uv": [12.25, 10, 12, 10.25], "texture": "#2"}
			}
		},
		{
			"from": [5.8, 5.3, 8.3],
			"to": [5.9, 5.5, 8.9],
			"rotation": {"angle": 0, "axis": "y", "origin": [3.9, 3.8, 8.3]},
			"faces": {
				"north": {"uv": [10.5, 12, 10.75, 12.25], "texture": "#2"},
				"east": {"uv": [12, 10.5, 12.25, 10.75], "texture": "#2"},
				"south": {"uv": [11, 12, 11.25, 12.25], "texture": "#2"},
				"west": {"uv": [12, 11, 12.25, 11.25], "texture": "#2"},
				"up": {"uv": [11.75, 12.25, 11.5, 12], "texture": "#2"},
				"down": {"uv": [12.25, 11.5, 12, 11.75], "texture": "#2"}
			}
		},
		{
			"from": [5.8, 5.3, 7.1],
			"to": [5.9, 5.5, 7.7],
			"rotation": {"angle": 0, "axis": "y", "origin": [3.9, 3.8, 7.1]},
			"faces": {
				"north": {"uv": [12, 12, 12.25, 12.25], "texture": "#2"},
				"east": {"uv": [0, 12.5, 0.25, 12.75], "texture": "#2"},
				"south": {"uv": [12.5, 0, 12.75, 0.25], "texture": "#2"},
				"west": {"uv": [0.5, 12.5, 0.75, 12.75], "texture": "#2"},
				"up": {"uv": [12.75, 0.75, 12.5, 0.5], "texture": "#2"},
				"down": {"uv": [1.25, 12.5, 1, 12.75], "texture": "#2"}
			}
		},
		{
			"from": [5.8, 5.5, 8.7],
			"to": [5.9, 6, 8.9],
			"rotation": {"angle": 0, "axis": "y", "origin": [3.9, 4, 8.9]},
			"faces": {
				"north": {"uv": [12.5, 1, 12.75, 1.25], "texture": "#2"},
				"east": {"uv": [1.5, 12.5, 1.75, 12.75], "texture": "#2"},
				"south": {"uv": [12.5, 1.5, 12.75, 1.75], "texture": "#2"},
				"west": {"uv": [2, 12.5, 2.25, 12.75], "texture": "#2"},
				"up": {"uv": [12.75, 2.25, 12.5, 2], "texture": "#2"},
				"down": {"uv": [2.75, 12.5, 2.5, 12.75], "texture": "#2"}
			}
		},
		{
			"from": [5.8, 5.5, 7.1],
			"to": [5.9, 6, 7.3],
			"rotation": {"angle": 0, "axis": "y", "origin": [3.9, 4, 7.3]},
			"faces": {
				"north": {"uv": [12.5, 2.5, 12.75, 2.75], "texture": "#2"},
				"east": {"uv": [3, 12.5, 3.25, 12.75], "texture": "#2"},
				"south": {"uv": [12.5, 3, 12.75, 3.25], "texture": "#2"},
				"west": {"uv": [3.5, 12.5, 3.75, 12.75], "texture": "#2"},
				"up": {"uv": [12.75, 3.75, 12.5, 3.5], "texture": "#2"},
				"down": {"uv": [4.25, 12.5, 4, 12.75], "texture": "#2"}
			}
		},
		{
			"from": [4.8, 5.1, 3],
			"to": [5.6, 6.1, 4],
			"rotation": {"angle": 22.5, "axis": "z", "origin": [3.8, 4.1, 3]},
			"faces": {
				"north": {"uv": [9.5, 11, 10, 11.5], "texture": "#2"},
				"east": {"uv": [10.5, 11, 11, 11.5], "texture": "#2"},
				"south": {"uv": [11, 10.5, 11.5, 11], "texture": "#2"},
				"west": {"uv": [11, 11, 11.5, 11.5], "texture": "#2"},
				"up": {"uv": [12, 0.5, 11.5, 0], "texture": "#2"},
				"down": {"uv": [12, 0.5, 11.5, 1], "texture": "#2"}
			}
		},
		{
			"from": [4.8, 5.1, 12],
			"to": [5.6, 6.1, 13],
			"rotation": {"angle": 22.5, "axis": "z", "origin": [3.8, 4.1, 12]},
			"faces": {
				"north": {"uv": [11.5, 1, 12, 1.5], "texture": "#2"},
				"east": {"uv": [11.5, 1.5, 12, 2], "texture": "#2"},
				"south": {"uv": [11.5, 2, 12, 2.5], "texture": "#2"},
				"west": {"uv": [2.5, 11.5, 3, 12], "texture": "#2"},
				"up": {"uv": [12, 3, 11.5, 2.5], "texture": "#2"},
				"down": {"uv": [3.5, 11.5, 3, 12], "texture": "#2"}
			}
		},
		{
			"from": [10, 3, 7.3],
			"to": [10.7, 4.6, 8.3],
			"rotation": {"angle": 0, "axis": "y", "origin": [10, 1, 4]},
			"faces": {
				"north": {"uv": [4.5, 11.5, 4.75, 12.25], "texture": "#2"},
				"east": {"uv": [10.5, 5.5, 11, 6.25], "texture": "#2"},
				"south": {"uv": [5, 11.5, 5.25, 12.25], "texture": "#2"},
				"west": {"uv": [10.5, 6.5, 11, 7.25], "texture": "#2"},
				"up": {"uv": [6.25, 12.5, 6, 12], "texture": "#2"},
				"down": {"uv": [12.25, 6, 12, 6.5], "texture": "#2"}
			}
		},
		{
			"from": [5, 7, 5],
			"to": [11, 13, 11],
			"rotation": {"angle": 0, "axis": "y", "origin": [6, 7, 7]},
			"faces": {
				"north": {"uv": [6, 0, 11, 6], "texture": "#0"},
				"east": {"uv": [0, 0, 6, 6], "texture": "#0"},
				"south": {"uv": [6, 6, 11, 12], "texture": "#0"},
				"west": {"uv": [0, 6, 6, 12], "texture": "#0"},
				"up": {"uv": [16, 6, 11, 0], "texture": "#0"},
				"down": {"uv": [16, 6, 11, 12], "texture": "#0"}
			}
		},
		{
			"from": [4, 6.3, 5],
			"to": [6, 7.3, 11],
			"rotation": {"angle": 0, "axis": "y", "origin": [5, 13.3, 3]},
			"faces": {
				"north": {"uv": [7, 9.5, 8, 10], "texture": "#1"},
				"east": {"uv": [9, 7.5, 12, 8], "texture": "#1"},
				"south": {"uv": [8, 9.5, 9, 10], "texture": "#1"},
				"west": {"uv": [9, 8, 12, 8.5], "texture": "#1"},
				"up": {"uv": [8, 9, 7, 6], "texture": "#1"},
				"down": {"uv": [9, 6, 8, 9], "texture": "#1"}
			}
		},
		{
			"from": [4, 7, 11],
			"to": [11, 13, 12],
			"rotation": {"angle": 0, "axis": "y", "origin": [5, 13, 9]},
			"faces": {
				"north": {"uv": [0, 0, 3.5, 3], "texture": "#1"},
				"east": {"uv": [0, 9.5, 0.5, 12.5], "texture": "#1"},
				"south": {"uv": [0, 3, 3.5, 6], "texture": "#1"},
				"west": {"uv": [0.5, 9.5, 1, 12.5], "texture": "#1"},
				"up": {"uv": [3.5, 9.5, 0, 9], "texture": "#1"},
				"down": {"uv": [7, 9, 3.5, 9.5], "texture": "#1"}
			}
		},
		{
			"from": [4, 7, 4],
			"to": [11, 13, 5],
			"rotation": {"angle": 0, "axis": "y", "origin": [5, 13, 2]},
			"faces": {
				"north": {"uv": [3.5, 0, 7, 3], "texture": "#1"},
				"east": {"uv": [1, 9.5, 1.5, 12.5], "texture": "#1"},
				"south": {"uv": [3.5, 3, 7, 6], "texture": "#1"},
				"west": {"uv": [1.5, 9.5, 2, 12.5], "texture": "#1"},
				"up": {"uv": [12.5, 6.5, 9, 6], "texture": "#1"},
				"down": {"uv": [12.5, 6.5, 9, 7], "texture": "#1"}
			}
		},
		{
			"from": [4, 12, 5],
			"to": [5, 13, 6],
			"rotation": {"angle": 0, "axis": "y", "origin": [5, 13, 3]},
			"faces": {
				"north": {"uv": [9, 9.5, 9.5, 10], "texture": "#1"},
				"east": {"uv": [9.5, 9.5, 10, 10], "texture": "#1"},
				"south": {"uv": [10, 0, 10.5, 0.5], "texture": "#1"},
				"west": {"uv": [10, 0.5, 10.5, 1], "texture": "#1"},
				"up": {"uv": [10.5, 1.5, 10, 1], "texture": "#1"},
				"down": {"uv": [10.5, 1.5, 10, 2], "texture": "#1"}
			}
		},
		{
			"from": [4, 13, 5],
			"to": [11, 14, 11],
			"rotation": {"angle": 0, "axis": "y", "origin": [5, 13, 3]},
			"faces": {
				"north": {"uv": [7, 9, 10.5, 9.5], "texture": "#1"},
				"east": {"uv": [9, 8.5, 12, 9], "texture": "#1"},
				"south": {"uv": [9, 7, 12.5, 7.5], "texture": "#1"},
				"west": {"uv": [2, 9.5, 5, 10], "texture": "#1"},
				"up": {"uv": [3.5, 9, 0, 6], "texture": "#1"},
				"down": {"uv": [7, 6, 3.5, 9], "texture": "#1"}
			}
		},
		{
			"from": [4, 12, 10],
			"to": [5, 13, 11],
			"rotation": {"angle": 0, "axis": "y", "origin": [5, 13, 3]},
			"faces": {
				"north": {"uv": [2, 10, 2.5, 10.5], "texture": "#1"},
				"east": {"uv": [10, 2, 10.5, 2.5], "texture": "#1"},
				"south": {"uv": [2.5, 10, 3, 10.5], "texture": "#1"},
				"west": {"uv": [10, 2.5, 10.5, 3], "texture": "#1"},
				"up": {"uv": [3.5, 10.5, 3, 10], "texture": "#1"},
				"down": {"uv": [10.5, 3, 10, 3.5], "texture": "#1"}
			}
		},
		{
			"from": [10, 6.3, 5],
			"to": [11, 7, 11],
			"rotation": {"angle": 0, "axis": "y", "origin": [11, 13.3, 3]},
			"faces": {
				"north": {"uv": [4, 4, 6, 5], "texture": "#5"},
				"east": {"uv": [4, 0, 16, 1], "texture": "#5"},
				"south": {"uv": [4, 6, 6, 7], "texture": "#5"},
				"west": {"uv": [4, 2, 16, 3], "texture": "#5"},
				"up": {"uv": [2, 12, 0, 0], "texture": "#5"},
				"down": {"uv": [4, 0, 2, 12], "texture": "#5"}
			}
		},
		{
			"from": [11, 7, 5],
			"to": [12, 13, 11],
			"rotation": {"angle": 0, "axis": "y", "origin": [12, 13, 3]},
			"faces": {
				"north": {"uv": [5, 9.5, 5.5, 12.5], "texture": "#1"},
				"east": {"uv": [7, 0, 10, 3], "texture": "#1"},
				"south": {"uv": [5.5, 9.5, 6, 12.5], "texture": "#1"},
				"west": {"uv": [7, 3, 10, 6], "texture": "#1"},
				"up": {"uv": [6.5, 12.5, 6, 9.5], "texture": "#1"},
				"down": {"uv": [7, 9.5, 6.5, 12.5], "texture": "#1"}
			}
		},
		{
			"from": [5, 11.4, 4.4],
			"to": [6, 13.4, 7.4],
			"rotation": {"angle": -45, "axis": "x", "origin": [4, 11.4, 4.4]},
			"faces": {
				"north": {"uv": [0, 8, 2, 12], "texture": "#3"},
				"east": {"uv": [0, 0, 6, 4], "texture": "#3"},
				"south": {"uv": [8, 0, 10, 4], "texture": "#3"},
				"west": {"uv": [0, 4, 6, 8], "texture": "#3"},
				"up": {"uv": [8, 6, 6, 0], "texture": "#3"},
				"down": {"uv": [8, 6, 6, 12], "texture": "#3"}
			}
		},
		{
			"from": [5, 11.5, 8.5],
			"to": [6, 13.5, 11.5],
			"rotation": {"angle": 45, "axis": "x", "origin": [4, 11.5, 11.5]},
			"faces": {
				"north": {"uv": [0, 8, 2, 12], "texture": "#4"},
				"east": {"uv": [0, 0, 6, 4], "texture": "#4"},
				"south": {"uv": [8, 0, 10, 4], "texture": "#4"},
				"west": {"uv": [0, 4, 6, 8], "texture": "#4"},
				"up": {"uv": [8, 6, 6, 0], "texture": "#4"},
				"down": {"uv": [8, 6, 6, 12], "texture": "#4"}
			}
		},
		{
			"from": [3.9, 13.5, 7.7],
			"to": [3.9, 14, 8.3],
			"rotation": {"angle": 0, "axis": "y", "origin": [1.9, 12, 7.2]},
			"faces": {
				"north": {"uv": [0, 0, 0, 1], "texture": "#6"},
				"east": {"uv": [0, 0, 1, 1], "texture": "#6"},
				"south": {"uv": [0, 0, 0, 1], "texture": "#6"},
				"west": {"uv": [0, 1, 1, 2], "texture": "#6"},
				"up": {"uv": [0, 1, 0, 0], "texture": "#6"},
				"down": {"uv": [0, 0, 0, 1], "texture": "#6"}
			}
		}
	],
	"display": {
		"thirdperson_righthand": {
			"rotation": [40.75, 58, 3.5],
			"translation": [0, 6.75, 4.5],
			"scale": [0.8, 0.8, 0.8]
		},
		"thirdperson_lefthand": {
			"rotation": [-133, -59, 180],
			"translation": [0, 6.75, 4.5],
			"scale": [0.8, 0.8, 0.8]
		},
		"firstperson_righthand": {
			"rotation": [-2, 52, 0],
			"translation": [5.25, 0.75, -5.25]
		},
		"firstperson_lefthand": {
			"rotation": [171, -49, -180],
			"translation": [2.5, 3.5, -2.25],
			"scale": [0.8, 0.8, 0.8]
		},
		"ground": {
			"translation": [0, 4, 0]
		},
		"gui": {
			"rotation": [0, 56, 0]
		},
		"head": {
			"rotation": [0, -90, 0],
			"translation": [12.75, 2.25, 0]
		},
		"fixed": {
			"rotation": [0, -90, 90],
			"translation": [0, 4.25, -24],
			"scale": [3, 3, 3]
		}
	},
	"groups": [
		{
			"name": "group",
			"origin": [7, -1, 13],
			"color": 0,
			"children": []
		},
		{
			"name": "group",
			"origin": [10, 1, 4],
			"color": 0,
			"children": [
				{
					"name": "group",
					"origin": [2, 2, 14.1],
					"color": 0,
					"children": []
				},
				{
					"name": "group",
					"origin": [2, -5, 7],
					"color": 0,
					"children": []
				},
				{
					"name": "group",
					"origin": [11, 1, 4],
					"color": 0,
					"children": []
				}
			]
		},
		{
			"name": "group",
			"origin": [2, -5, 7],
			"color": 0,
			"children": []
		},
		{
			"name": "group",
			"origin": [2, -5, 7],
			"color": 0,
			"children": []
		},
		{
			"name": "group",
			"origin": [10, 1, 4],
			"color": 0,
			"children": [
				0,
				1,
				2,
				3,
				4,
				5,
				6,
				7,
				8,
				9,
				{
					"name": "group",
					"origin": [3, 2, 12],
					"color": 0,
					"children": [
						10,
						11,
						12,
						13,
						14,
						{
							"name": "group",
							"origin": [3, 2, 12],
							"color": 0,
							"children": []
						}
					]
				},
				15,
				16,
				17,
				18,
				19,
				20,
				21,
				22,
				23,
				24,
				25,
				26,
				27,
				28,
				29,
				30,
				31,
				32,
				33,
				34
			]
		},
		35,
		{
			"name": "group",
			"origin": [12, 13, 3],
			"color": 0,
			"children": [36, 37, 38, 39, 40, 41, 42, 43]
		},
		44,
		45,
		{
			"name": "group",
			"origin": [8, 8, 8],
			"color": 0,
			"children": []
		},
		46
	]
}